--
-- PostgreSQL database dump
--

-- Dumped from database version 15.2
-- Dumped by pg_dump version 15.2

SET statement_timeout = 0;
SET lock_timeout = 0;
SET idle_in_transaction_session_timeout = 0;
SET client_encoding = 'UTF8';
SET standard_conforming_strings = on;
SELECT pg_catalog.set_config('search_path', '', false);
SET check_function_bodies = false;
SET xmloption = content;
SET client_min_messages = warning;
SET row_security = off;

SET default_tablespace = '';

SET default_table_access_method = heap;

--
-- Name: alunos; Type: TABLE; Schema: public; Owner: luiz
--

CREATE TABLE public.alunos (
    mat_alu integer NOT NULL,
    cod_curso integer,
    dat_nasc date NOT NULL,
    tot_cred integer NOT NULL,
    mgp double precision NOT NULL,
    nom_alu character varying(60) NOT NULL,
    email character varying(30),
    CONSTRAINT alunos_mgp_check CHECK (((mgp >= (0)::double precision) AND (mgp <= (10)::double precision))),
    CONSTRAINT alunos_tot_cred_check CHECK ((tot_cred >= 0))
);


ALTER TABLE public.alunos OWNER TO luiz;

--
-- Name: alunos_mat_alu_seq; Type: SEQUENCE; Schema: public; Owner: luiz
--

CREATE SEQUENCE public.alunos_mat_alu_seq
    AS integer
    START WITH 1
    INCREMENT BY 1
    NO MINVALUE
    NO MAXVALUE
    CACHE 1;


ALTER TABLE public.alunos_mat_alu_seq OWNER TO luiz;

--
-- Name: alunos_mat_alu_seq; Type: SEQUENCE OWNED BY; Schema: public; Owner: luiz
--

ALTER SEQUENCE public.alunos_mat_alu_seq OWNED BY public.alunos.mat_alu;


--
-- Name: conceitos; Type: TABLE; Schema: public; Owner: luiz
--

CREATE TABLE public.conceitos (
    conceito character(1) NOT NULL,
    faixa_ini double precision NOT NULL,
    faixa_fim double precision NOT NULL,
    CONSTRAINT conceitos_conceito_check CHECK ((conceito = ANY (ARRAY['A'::bpchar, 'B'::bpchar, 'C'::bpchar, 'D'::bpchar, 'E'::bpchar]))),
    CONSTRAINT conceitos_faixa_fim_check CHECK ((faixa_fim >= (0)::double precision)),
    CONSTRAINT conceitos_faixa_ini_check CHECK ((faixa_ini >= (0)::double precision))
);


ALTER TABLE public.conceitos OWNER TO luiz;

--
-- Name: curriculos; Type: TABLE; Schema: public; Owner: luiz
--

CREATE TABLE public.curriculos (
    cod_curso integer NOT NULL,
    cod_disc integer NOT NULL,
    periodo integer NOT NULL,
    CONSTRAINT curriculos_cod_curso_check CHECK ((cod_curso > 0)),
    CONSTRAINT curriculos_cod_disc_check CHECK ((cod_disc > 0)),
    CONSTRAINT curriculos_periodo_check CHECK (((periodo >= 1) AND (periodo <= 12)))
);


ALTER TABLE public.curriculos OWNER TO luiz;

--
-- Name: cursos; Type: TABLE; Schema: public; Owner: luiz
--

CREATE TABLE public.cursos (
    cod_curso integer NOT NULL,
    tot_cred integer NOT NULL,
    nom_curso character varying(60) NOT NULL,
    cod_coord integer,
    CONSTRAINT cursos_tot_cred_check CHECK ((tot_cred >= 0))
);


ALTER TABLE public.cursos OWNER TO luiz;

--
-- Name: cursos_cod_curso_seq; Type: SEQUENCE; Schema: public; Owner: luiz
--

CREATE SEQUENCE public.cursos_cod_curso_seq
    AS integer
    START WITH 1
    INCREMENT BY 1
    NO MINVALUE
    NO MAXVALUE
    CACHE 1;


ALTER TABLE public.cursos_cod_curso_seq OWNER TO luiz;

--
-- Name: cursos_cod_curso_seq; Type: SEQUENCE OWNED BY; Schema: public; Owner: luiz
--

ALTER SEQUENCE public.cursos_cod_curso_seq OWNED BY public.cursos.cod_curso;


--
-- Name: disciplinas; Type: TABLE; Schema: public; Owner: luiz
--

CREATE TABLE public.disciplinas (
    cod_disc integer NOT NULL,
    qtd_cred integer NOT NULL,
    nom_disc character varying(60) NOT NULL,
    cod_disc_equiv integer,
    CONSTRAINT disciplinas_qtd_cred_check CHECK (((qtd_cred >= 1) AND (qtd_cred <= 36)))
);


ALTER TABLE public.disciplinas OWNER TO luiz;

--
-- Name: disciplinas_cod_disc_seq; Type: SEQUENCE; Schema: public; Owner: luiz
--

CREATE SEQUENCE public.disciplinas_cod_disc_seq
    AS integer
    START WITH 1
    INCREMENT BY 1
    NO MINVALUE
    NO MAXVALUE
    CACHE 1;


ALTER TABLE public.disciplinas_cod_disc_seq OWNER TO luiz;

--
-- Name: disciplinas_cod_disc_seq; Type: SEQUENCE OWNED BY; Schema: public; Owner: luiz
--

ALTER SEQUENCE public.disciplinas_cod_disc_seq OWNED BY public.disciplinas.cod_disc;


--
-- Name: historicos_escolares; Type: TABLE; Schema: public; Owner: luiz
--

CREATE TABLE public.historicos_escolares (
    ano integer NOT NULL,
    semestre integer NOT NULL,
    cod_disc integer NOT NULL,
    mat_alu integer NOT NULL,
    media double precision NOT NULL,
    faltas double precision NOT NULL,
    situacao character(2) NOT NULL,
    CONSTRAINT historicos_escolares_ano_check CHECK ((ano > 0)),
    CONSTRAINT historicos_escolares_cod_disc_check CHECK ((cod_disc > 0)),
    CONSTRAINT historicos_escolares_faltas_check CHECK ((faltas >= (0)::double precision)),
    CONSTRAINT historicos_escolares_mat_alu_check CHECK ((mat_alu > 0)),
    CONSTRAINT historicos_escolares_media_check CHECK (((media >= (0)::double precision) AND (media <= (10)::double precision))),
    CONSTRAINT historicos_escolares_semestre_check CHECK ((semestre = ANY (ARRAY[1, 2]))),
    CONSTRAINT historicos_escolares_situacao_check CHECK ((situacao = ANY (ARRAY['AP'::bpchar, 'RF'::bpchar, 'RM'::bpchar])))
);


ALTER TABLE public.historicos_escolares OWNER TO luiz;

--
-- Name: pre_requisitos; Type: TABLE; Schema: public; Owner: luiz
--

CREATE TABLE public.pre_requisitos (
    cod_disc integer NOT NULL,
    cod_disc_pre integer NOT NULL,
    CONSTRAINT pre_requisitos_cod_disc_check CHECK ((cod_disc > 0)),
    CONSTRAINT pre_requisitos_cod_disc_pre_check CHECK ((cod_disc_pre > 0))
);


ALTER TABLE public.pre_requisitos OWNER TO luiz;

--
-- Name: professores; Type: TABLE; Schema: public; Owner: luiz
--

CREATE TABLE public.professores (
    cod_prof integer NOT NULL,
    cod_curso integer,
    nom_prof character varying(60) NOT NULL,
    email character varying(30)
);


ALTER TABLE public.professores OWNER TO luiz;

--
-- Name: professores_cod_prof_seq; Type: SEQUENCE; Schema: public; Owner: luiz
--

CREATE SEQUENCE public.professores_cod_prof_seq
    AS integer
    START WITH 1
    INCREMENT BY 1
    NO MINVALUE
    NO MAXVALUE
    CACHE 1;


ALTER TABLE public.professores_cod_prof_seq OWNER TO luiz;

--
-- Name: professores_cod_prof_seq; Type: SEQUENCE OWNED BY; Schema: public; Owner: luiz
--

ALTER SEQUENCE public.professores_cod_prof_seq OWNED BY public.professores.cod_prof;


--
-- Name: turmas; Type: TABLE; Schema: public; Owner: luiz
--

CREATE TABLE public.turmas (
    ano integer NOT NULL,
    semestre integer NOT NULL,
    cod_disc integer NOT NULL,
    turma character(3) NOT NULL,
    tot_vagas integer NOT NULL,
    vag_ocup integer NOT NULL,
    cod_prof integer,
    CONSTRAINT turmas_ano_check CHECK ((ano > 0)),
    CONSTRAINT turmas_cod_disc_check CHECK ((cod_disc > 0)),
    CONSTRAINT turmas_cod_prof_check CHECK ((cod_prof > 0)),
    CONSTRAINT turmas_semestre_check CHECK ((semestre = ANY (ARRAY[1, 2]))),
    CONSTRAINT turmas_tot_vagas_check CHECK ((tot_vagas >= 0)),
    CONSTRAINT turmas_vag_ocup_check CHECK ((vag_ocup >= 0))
);


ALTER TABLE public.turmas OWNER TO luiz;

--
-- Name: turmas_matriculadas; Type: TABLE; Schema: public; Owner: luiz
--

CREATE TABLE public.turmas_matriculadas (
    ano integer NOT NULL,
    semestre integer NOT NULL,
    cod_disc integer NOT NULL,
    turma character(3) NOT NULL,
    mat_alu integer NOT NULL,
    nota_1 double precision,
    nota_2 double precision,
    nota_3 double precision,
    nota_4 double precision,
    faltas_1 integer,
    faltas_2 integer,
    faltas_3 integer,
    CONSTRAINT turmas_matriculadas_ano_check CHECK ((ano > 0)),
    CONSTRAINT turmas_matriculadas_cod_disc_check CHECK ((cod_disc > 0)),
    CONSTRAINT turmas_matriculadas_faltas_1_check CHECK ((faltas_1 >= 0)),
    CONSTRAINT turmas_matriculadas_faltas_2_check CHECK ((faltas_2 >= 0)),
    CONSTRAINT turmas_matriculadas_faltas_3_check CHECK ((faltas_3 >= 0)),
    CONSTRAINT turmas_matriculadas_mat_alu_check CHECK ((mat_alu > 0)),
    CONSTRAINT turmas_matriculadas_nota_1_check CHECK (((nota_1 >= (0)::double precision) AND (nota_1 <= (10)::double precision))),
    CONSTRAINT turmas_matriculadas_nota_2_check CHECK (((nota_2 >= (0)::double precision) AND (nota_2 <= (10)::double precision))),
    CONSTRAINT turmas_matriculadas_nota_3_check CHECK (((nota_3 >= (0)::double precision) AND (nota_3 <= (10)::double precision))),
    CONSTRAINT turmas_matriculadas_nota_4_check CHECK (((nota_4 >= (0)::double precision) AND (nota_4 <= (10)::double precision))),
    CONSTRAINT turmas_matriculadas_semestre_check CHECK ((semestre = ANY (ARRAY[1, 2])))
);


ALTER TABLE public.turmas_matriculadas OWNER TO luiz;

--
-- Name: alunos mat_alu; Type: DEFAULT; Schema: public; Owner: luiz
--

ALTER TABLE ONLY public.alunos ALTER COLUMN mat_alu SET DEFAULT nextval('public.alunos_mat_alu_seq'::regclass);


--
-- Name: cursos cod_curso; Type: DEFAULT; Schema: public; Owner: luiz
--

ALTER TABLE ONLY public.cursos ALTER COLUMN cod_curso SET DEFAULT nextval('public.cursos_cod_curso_seq'::regclass);


--
-- Name: disciplinas cod_disc; Type: DEFAULT; Schema: public; Owner: luiz
--

ALTER TABLE ONLY public.disciplinas ALTER COLUMN cod_disc SET DEFAULT nextval('public.disciplinas_cod_disc_seq'::regclass);


--
-- Name: professores cod_prof; Type: DEFAULT; Schema: public; Owner: luiz
--

ALTER TABLE ONLY public.professores ALTER COLUMN cod_prof SET DEFAULT nextval('public.professores_cod_prof_seq'::regclass);


--
-- Data for Name: alunos; Type: TABLE DATA; Schema: public; Owner: luiz
--

COPY public.alunos (mat_alu, cod_curso, dat_nasc, tot_cred, mgp, nom_alu, email) FROM stdin;
911094	10	1979-07-02	158	4.8	Benetti	\N
911113	10	1976-11-01	166	5.88	Jorge	\N
911124	10	1974-09-14	134	4.6	Marcelo	\N
911135	10	1979-04-22	132	4.59	Wolney	\N
912548	10	1972-07-24	112	3.9	Andre	\N
912579	10	1978-07-15	158	4.98	Thadeu	\N
912590	10	1977-08-07	130	4.5	Geniclecia	\N
912598	10	1975-05-09	156	4.65	Denio	\N
912599	10	1977-05-20	126	4.4	Jose	\N
913489	26	1977-09-21	96	5.04	Henrique	\N
913961	10	1980-05-10	154	5.29	Alison	\N
913977	10	1976-08-23	128	4.96	Fabio	\N
913996	10	1977-11-20	106	4.63	Rose	\N
913998	10	1976-10-09	130	4.77	Sidney	\N
914000	10	1981-02-14	138	5.61	Weslley	\N
914003	10	1979-11-18	182	6	Fernanda	\N
914013	10	1977-04-06	146	5.12	Ericka	\N
914830	26	1979-02-17	18	4.09	Noriel	\N
915538	10	1965-09-19	182	6.95	Claudinei	\N
915539	10	1968-08-19	182	7.55	Dayse	\N
915547	10	1977-02-11	136	4.91	Jose	\N
915550	10	1980-12-01	130	5.21	Ludmila	\N
915558	10	1977-03-02	124	5.29	Yurie	\N
915571	10	1977-03-02	114	4.88	Roberio	\N
916766	3	1977-11-21	128	6.77	Jorgeana	\N
916774	3	1979-10-08	132	7.07	Pedro	\N
916777	3	1974-12-11	132	6.64	Rosana	\N
916778	3	1981-04-22	128	6.56	Rosane	\N
916781	3	1970-08-18	116	6.02	Antonio	\N
916788	3	1975-09-02	80	5.02	Roberto	\N
917043	10	1980-08-29	166	8.9	Alercio	\N
917046	10	1980-09-27	138	5.79	Ana	\N
917048	10	1979-09-28	182	6.84	Andrea	\N
917051	10	1977-09-23	166	8.81	Clailson	\N
917070	10	1979-07-11	132	5.53	Marcelo	\N
917072	10	1979-07-16	118	5.39	Marcio	\N
917074	10	1979-10-25	84	3.65	Paulo	\N
917075	10	1981-02-16	142	5.73	Pedro	\N
917076	10	1981-02-20	142	6.36	Rafaela	\N
917077	10	1978-09-26	104	4.48	Ricardo	\N
917078	10	1978-10-22	136	4.93	Roberto	\N
917605	26	1980-06-28	26	2.26	Newton	\N
918419	10	1978-05-30	136	5.44	Daniela	\N
918421	10	1978-11-07	150	5.29	Debora	\N
918423	10	1957-12-12	182	7.57	Edmilson	\N
918425	10	1980-06-27	142	7.08	Fabiana	\N
918431	10	1980-01-06	146	5.91	Jacyara	\N
918434	10	1975-09-26	106	5.28	Manuel	\N
918435	10	1978-05-21	166	5.79	Marcio	\N
918436	10	1976-06-21	166	6.69	Jonas	\N
918439	10	1971-11-30	126	5.51	Roberto	\N
918440	10	1977-01-01	166	6.23	Rogerio	\N
918442	10	1980-02-06	122	5.53	Vanessa	\N
918447	10	1979-04-30	110	5.18	Wellington	\N
918454	10	1972-11-04	126	5.82	Toniclay	\N
918460	10	1977-10-26	166	6.33	Paulo	\N
918470	10	1980-08-07	142	6.75	Robert	\N
919034	26	1979-03-06	26	3.94	Karlos	\N
922143	26	1982-02-10	52	3.89	Adalberto	\N
922149	26	1982-03-28	100	5.55	Alan	\N
922155	26	1981-05-15	90	5.1	Alberto	\N
922158	26	1977-06-07	50	3.64	Andre	\N
922166	26	1980-09-09	120	6.36	Antonio	\N
922182	26	1981-12-19	120	7.58	Augusto	\N
922212	26	1982-05-11	98	5.32	Inacio	\N
922253	26	1982-03-20	82	6.04	Tiago	\N
922507	26	1978-01-04	28	1.73	Leonardo	\N
922617	26	1979-10-04	106	6.35	Thiago	\N
922623	26	1978-04-08	56	4.42	Gabriela	\N
923414	26	1978-03-16	48	3.21	Alan	\N
924010	26	1982-02-06	68	4.53	Victor	\N
926465	26	1981-12-02	96	7.43	Joao	\N
926541	26	1982-11-29	68	5.8	Rafael	\N
926549	26	1981-07-30	96	6.94	Edyzan	\N
926762	26	1981-04-26	4	0.35	Jose	\N
926894	26	1982-07-21	92	6.68	Daniel	\N
926963	26	1980-02-25	90	6.2	Janete	\N
927112	26	1981-08-12	16	1.35	Marcio	\N
927407	26	1981-02-05	90	6.54	Anderson	\N
929066	26	1982-06-29	68	4.88	Pedro	\N
929254	26	1980-01-04	60	4.52	Igor	\N
931688	26	1983-04-10	64	5.67	Diego	\N
931691	26	1983-01-03	74	7.56	Gustavo	\N
931889	26	1982-09-19	68	5.86	Rinaldo	\N
931934	26	1983-08-14	64	6.38	Rafael	\N
932079	26	1981-09-09	74	7.73	Gustavo	\N
932100	26	1981-02-09	68	6.88	Marcelo	\N
932261	26	1982-06-21	68	6.11	Roberto	\N
932291	26	1983-10-15	68	5.92	Oton	\N
932380	26	1983-02-01	64	7.24	Jairo	\N
933501	26	1974-10-05	74	5.57	Anco	\N
933616	26	1981-01-30	28	3.83	Rodrigo	\N
933670	26	1982-06-03	68	5.7	Fabio	\N
933721	26	1983-07-22	46	4.53	Jose	\N
933724	26	1980-12-10	16	2.83	Allan	\N
933949	26	1979-10-10	44	4.74	Gustavo	\N
934091	3	1980-06-10	44	5.94	Joanne	\N
934144	3	1982-11-03	56	6.42	Aline	\N
934170	3	1957-02-18	52	5.87	Wellington	\N
934172	3	1981-08-28	60	6.5	Aldo	\N
934180	3	1978-06-30	24	3.65	Anderson	\N
934307	3	1981-12-29	28	4.09	Juliana	\N
934625	3	1978-05-30	52	5.37	Fatima	\N
937131	26	1982-04-13	44	5.77	Jose	\N
937729	26	1967-05-01	44	6.47	Irineu	\N
937730	26	1978-05-22	50	6.13	Fabio	\N
937744	26	1981-10-28	34	4.66	Marcel	\N
937747	26	1983-08-21	50	7.53	Milena	\N
937753	26	1980-06-28	46	7	Alex	\N
937758	26	1980-10-21	116	6.11	Murilo	\N
937761	26	1982-11-30	50	7	Danielle	\N
937763	26	1965-06-17	50	8.7	Nilza	\N
937765	26	1981-03-15	44	5.35	Anderson	\N
937777	26	1980-10-10	50	7.45	Carlos	\N
938261	26	1981-07-27	46	6.76	Andre	\N
938808	26	1982-07-09	14	2.62	Mario	\N
938839	26	1982-06-22	20	3.88	Fabiano	\N
939147	26	1982-05-27	4	1.09	Dalmo	\N
941280	26	1983-02-18	10	4.22	Andrey	\N
941332	26	1983-07-18	10	2.76	Felipe	\N
941334	26	1982-02-02	20	7.29	Fabricio	\N
941337	26	1983-12-03	26	7.84	Renata	\N
941343	26	1983-09-27	26	7.46	Felipe	\N
941349	26	1983-06-22	16	5.67	Tadeu	\N
941350	26	1984-06-15	26	6.51	Virgilio	\N
941351	26	1984-11-09	26	9.38	Fernando	\N
941354	26	1983-04-13	16	4.98	Carlos	\N
941356	26	1983-11-10	26	8.07	Gilson	\N
941363	26	1983-10-20	26	7.1	Eric	\N
941367	26	1982-10-04	26	6.56	Lauro	\N
941375	26	1983-08-17	10	4.3	Luiz	\N
941377	26	1984-03-01	16	5.05	Victor	\N
941392	26	1982-03-21	16	5.15	Anderson	\N
941393	26	1983-01-16	26	6.92	Luciano	\N
941401	26	1984-08-21	16	5.04	Djalma	\N
941404	26	1983-06-12	16	3.9	Thiago	\N
941406	26	1982-02-16	4	1.07	Rodrigo	\N
941568	26	1982-01-12	26	6.14	Igor	\N
941604	26	1980-09-24	16	4.11	Saulo	\N
941682	26	1983-03-07	20	7.14	Luiz	\N
941711	26	1984-01-19	26	5.66	Max	\N
941745	26	1983-04-12	4	3.84	George	\N
942066	26	1981-12-07	16	5.02	Ricardo	\N
942217	26	1983-03-18	26	6.75	Ronaldo	\N
942752	26	1980-11-10	24	8.02	Carlos	\N
942770	3	1960-05-08	76	6.45	Cleiton	\N
943045	26	1984-07-25	26	6.23	Bruno	\N
943136	26	1983-08-03	14	3.99	Daniel	\N
943153	26	1982-03-04	20	5.2	Ricardo	\N
943165	26	1973-08-28	30	6.07	Carlos	\N
943481	26	1982-08-06	10	3.2	Helder	\N
943579	26	1980-07-26	10	3.58	Bruno	\N
943634	26	1983-01-09	4	2.51	Roseane	\N
943765	26	1981-04-15	22	5.82	Ubirajara	\N
945099	26	1974-08-08	16	7.33	Gabriela	\N
945160	3	1951-06-09	120	6.45	Jose	\N
994073	3	1971-04-28	52	6.9	David	\N
994583	10	1972-11-26	104	3.12	Herculis	\N
994921	3	1980-02-21	60	5.85	Katia	\N
995653	10	1974-11-11	154	3.94	Guilherme	\N
995674	10	1975-03-18	136	4	Murillo	\N
996886	10	1973-12-31	140	4.63	Fabio	\N
996888	10	1976-01-11	132	4.52	Maria	\N
996900	10	1975-09-01	110	4.73	Viviane	\N
997809	10	1976-08-10	174	4.75	Alcenor	\N
997840	10	1976-03-02	182	4.11	Sidney	\N
998518	10	1976-08-08	186	5.03	Regiani	\N
998525	10	1975-01-23	162	4.33	Thiago	\N
998531	10	1976-07-23	142	5.27	Bruno	\N
998540	10	1979-01-17	162	4.51	Edson	\N
999428	26	1975-12-28	84	4.8	Sandra	\N
999814	3	1968-01-05	68	5.49	alvaro	\N
999831	10	1977-05-24	148	5.08	Andrezza	\N
999836	10	1974-01-18	64	2.54	Luisa	\N
999857	10	1978-05-17	150	4.23	Samanda	\N
666666	\N	1990-07-02	0	4.8	Jerosvaldson	\N
666667	\N	1993-03-12	0	2.3	Zuleida	\N
666668	\N	1983-03-12	0	3.3	Merciosvaldo	\N
\.


--
-- Data for Name: conceitos; Type: TABLE DATA; Schema: public; Owner: luiz
--

COPY public.conceitos (conceito, faixa_ini, faixa_fim) FROM stdin;
A	9	10
B	7	8.9
C	5	6.9
D	4	4.9
E	0	3.9
\.


--
-- Data for Name: curriculos; Type: TABLE DATA; Schema: public; Owner: luiz
--

COPY public.curriculos (cod_curso, cod_disc, periodo) FROM stdin;
3	200070	1
10	200657	2
10	200746	3
3	200851	2
3	200967	7
3	201297	6
10	201777	7
3	202161	1
10	203311	2
3	203362	1
3	203370	2
3	203389	3
3	203397	4
3	203532	3
3	203540	3
3	203559	4
3	203605	8
3	203729	9
3	203737	10
10	203931	3
3	203990	3
10	204016	7
3	204024	7
3	204040	6
3	204067	5
3	204075	6
3	204083	5
3	204091	6
3	204164	5
3	204180	5
10	204199	1
3	204237	8
3	204300	4
3	204318	5
3	204326	3
3	204334	4
3	204342	8
3	204792	1
3	204806	1
3	204814	2
3	204822	2
3	204830	2
3	204849	4
3	204873	7
3	204890	8
3	204903	9
3	204911	9
3	204920	9
3	204938	7
3	204946	8
3	204954	7
26	205195	9
10	300177	4
10	302439	1
10	302579	1
10	304180	7
26	304180	8
26	306426	1
10	500110	4
26	500110	3
10	500137	1
10	500145	2
10	500153	3
10	500170	5
26	500170	7
10	500188	2
10	500196	3
26	500234	2
10	500242	1
26	500242	1
10	500285	7
26	500315	4
10	500609	2
10	500617	4
26	500617	5
10	500625	5
26	500625	6
10	500633	6
26	500641	6
10	500692	8
10	500722	4
10	500730	8
26	500730	8
10	500749	5
10	500757	6
10	500773	1
10	500838	3
10	500846	4
10	500854	5
10	500889	6
26	500889	8
10	500943	2
10	500994	8
10	501001	6
10	501010	7
10	501036	6
10	501060	7
26	501060	9
26	501141	7
26	501176	5
26	501184	6
26	501192	7
26	501249	3
26	501796	1
26	501800	1
26	501818	1
26	501826	2
26	501834	2
26	501842	2
26	501850	2
26	501869	3
26	501877	3
26	501885	3
26	501893	3
26	501907	4
26	501915	4
26	501923	4
26	501931	4
26	501940	5
26	501958	5
26	501966	5
26	501974	5
26	501982	6
26	501990	6
26	502008	7
26	502016	7
26	502024	7
26	502032	8
26	502040	8
26	502059	8
26	502067	9
26	502075	9
\.


--
-- Data for Name: cursos; Type: TABLE DATA; Schema: public; Owner: luiz
--

COPY public.cursos (cod_curso, tot_cred, nom_curso, cod_coord) FROM stdin;
3	180	Ciencias Economicas	241
26	204	Ciencia da Computacao	1508
10	190	Tecnologia em Processamento de Dados	232
69	180	CONSTRUÇÃO DE EXPLOSIVOS	\N
67	180	MONTAGEM DE FUZIL	\N
63	180	CÁLCULO DE 666 GRAU	\N
\.


--
-- Data for Name: disciplinas; Type: TABLE DATA; Schema: public; Owner: luiz
--

COPY public.disciplinas (cod_disc, qtd_cred, nom_disc, cod_disc_equiv) FROM stdin;
200070	4	INTRODUCAO AS CIENCIAS SOCIAIS	\N
200657	4	ADMINISTRACAO I	\N
200746	4	ORGANIZACAO E METODOS I	\N
200851	4	INTRODUcaO a ADMINISTRAcaO	\N
200967	4	FINANCAS EMPRESARIAIS	\N
201297	4	ADMINISTRAcaO DA PROD. E OPERAcoES	\N
201777	4	DIREITO	\N
202161	4	INSTITUICOES DE DIREITO	\N
203311	4	MATEMATICA FINANCEIRA	\N
203362	4	METODOS QUANTITATIVOS I	\N
203370	4	METODOS QUANTITATIVOS II	\N
203389	4	METODOS QUANTITATIVOS III	\N
203397	4	MeTODOS QUANTITATIVOS IV	\N
203532	4	HISTORIA DO PENSAMENTO ECONOMICO	\N
203540	4	HISTORIA ECONOMICA GERAL I	\N
203559	4	HISTORIA ECONOMICA GERAL II	\N
203605	4	TECNICA DE PESQUISA EM ECONOMIA	\N
203729	4	MONOGRAFIA I	\N
203737	16	MONOGRAFIA II	\N
203931	4	CONTABILIDADE GERAL I	\N
203990	4	CONTABILIDADE SOCIAL	\N
204016	4	CUSTOS	\N
204024	4	DESENVOLVIMENTO SOCIO ECONOMICO	\N
204040	4	ECONOMIA BRASILEIRA CONTEMPORANEA	\N
204067	4	ECONOMIA DA INFORMACAO	\N
204075	4	ECONOMIA DO SETOR PUBLICO	\N
204083	4	ECONOMIA INTERNACIONAL	\N
204091	4	ECONOMIA MONETARIA	\N
204164	4	FORMACAO ECONOMICA DO BRASIL	\N
204180	4	INTRODUCAO A ECONOMETRIA	\N
204199	4	INTRODUcaO A ECONOMIA I	\N
204237	4	POLITICA E PLANEJAMENTO ECONOMICO	\N
204300	4	TEORIA MACROECONOMICA I	\N
204318	4	TEORIA MACROECONOMICA II	\N
204326	4	TEORIA MICROECONOMICA I	\N
204334	4	TEORIA MICROECONOMICA II	\N
204342	4	ELAB. E ANAL. DE PROJETOS	\N
204792	4	ECONOMIA I	\N
204806	4	FUNDAMENTOS DE CONTABILIDADE	\N
204814	4	INTRODUCAO A ANALISE DE BALANCOS	\N
204822	4	ECONOMIA II	\N
204830	4	METODOLOGIA DA ANALISE ECONOMICA	\N
204849	4	ANALISE DE INVESTIMENTOS	\N
204873	2	SEMINARIO INTERDISCIPLINAR I	\N
204890	2	SEMINARIO INTERDISCIPLINAR II	\N
204903	4	ECONOMIA E POL. DO MEIO AMBIENTE	\N
204911	4	COMERCIO EXTERIOR	\N
204920	4	ECONOMIA E ETICA	\N
204938	2	SEMINARIO DE ECO. DE EMPRESAS I	\N
204946	2	SEMINARIO DE ECO. DE EMPRESAS II	\N
204954	4	ECONOMIA DOS RECURSOS HUMANOS	\N
205195	2	DIREITO APLICADO A INFORMaTICA	\N
300177	4	ETICA I	\N
302439	4	INGLES TECNICO	\N
302579	4	LINGUA PORTUGUESA I	\N
304180	4	MeTODOS E TeCNICAS DE PESQUISA I	\N
306426	4	INGLeS TeCNICO PARA COMPUTAcaO E INFORMaTICA	\N
500110	4	ALGEBRA LINEAR I	\N
500137	4	CaLCULO I	\N
500145	4	CaLCULO II	\N
500153	4	CALCULO III	\N
500170	4	CALCULO NUMERICO	\N
500188	4	ESTATiSTICA I	\N
500196	4	ESTATISTICA II	\N
500234	4	GEOMETRIA ANAL. E ALG. VETORIAL	\N
500242	4	LoGICA MATEMaTICA	\N
500285	4	PESQUISA OPERACIONAL	\N
500315	4	EQUACOES DIFERENCIAIS I	\N
500609	4	ALGORITMO ESTRUTURADO	\N
500617	4	ANALISE DE SISTEMAS I	\N
500625	4	ANALISE DE SISTEMAS II	\N
500633	6	ARQUIVOS E BANCO DE DADOS	\N
500641	4	BANCO DE DADOS	500633
500692	16	ESTAGIO SUPERVISIONADO EM PD	\N
500722	4	ESTRUTURA DE DADOS	\N
500730	4	GERENCIA EM INFORMATICA	\N
500749	6	HARDWARE E SOFTWARE BASICO I	\N
500757	4	HARDWARE E SOFTWARE BASICO II	\N
500943	4	MICROINFORMATICA	\N
500773	4	INTRODUcaO A CIeNCIA DA COMPUTAcaO	500943
500838	8	LING. DE PROG. E LABORATORIO I	\N
500846	8	LING. DE PROG. E LABORATORIO II	\N
500854	8	LING. DE PROG. E LABORATORIO III	\N
500889	4	LINGUAGENS DE PROGRAMACAO	\N
500994	4	PROJETO SUPERVISIONADO	\N
501001	4	PROJETOS DE SISTEMAS I	\N
501010	4	PROJETOS DE SISTEMAS II	\N
501036	6	TELEP. E R. DE COMPUTADORES	\N
501060	4	TOP. ESPECIAIS EM COMPUTACAO	\N
501141	4	SISTEMAS DIGITAIS DE CONTROLE	\N
501176	4	COMUNICACAO DE DADOS	\N
501184	6	REDES DE COMPUTADORES	501176
501192	4	SISTEMAS DISTRIBUIDOS	\N
501249	4	SISTEMAS DIGITAIS	\N
501796	6	INTRODUcaO a COMPUTAcaO E INFORMaTICA	\N
501800	6	FUNDAMENTOS DE PROGRAMAcaO	\N
501818	6	CaLCULO PARA COMPUTAcaO I	\N
501826	6	PROGRAMAcaO I	\N
501834	4	aLGEBRA ABSTRATA	\N
501842	6	FiSICA PARA COMPUTAcaO I	\N
501850	4	CaLCULO PARA COMPUTAcaO II	\N
501869	6	ALGORITMOS E ESTRUTURAS DE DADOS I	\N
501877	4	TEORIA DA COMPUTAcaO	\N
501885	2	FiSICA PARA COMPUTAcaO II	\N
501893	4	ESTATiSTICA COMPUTACIONAL	\N
501907	6	PROGRAMAcaO II	\N
501915	4	ALGORITMOS E ESTRUTURAS DE DADOS II	\N
501923	4	TEORIA DOS GRAFOS	\N
501931	4	ORGANIZAcaO E ARQUITETURA DE COMPUTADORES I	\N
501940	6	PROGRAMAcaO III	\N
501958	4	LINGUAGENS FORMAIS E AUToMATOS	\N
501966	4	ORGANIZAcaO E ARQUITETURA DE COMPUTADORES II	\N
501974	2	INFORMaTICA E SOCIEDADE	\N
501982	4	COMPILADORES	\N
501990	6	SISTEMAS OPERACIONAIS	\N
502008	4	LABORAToRIO EM BANCO DE DADOS	\N
502016	4	COMPUTAcaO VISUAL	\N
502024	4	GEReNCIA E SEGURANcA EM REDES DE COMPUTADORES	\N
502032	2	PROJETOS DE DESENVOLVIMENTO DE SISTEMAS	\N
502040	4	INTELIGeNCIA ARTIFICIAL E REDES NEURAIS	\N
502059	4	PROJETOS DE REDES DE COMPUTADORES	\N
502067	4	ESTaGIO SUPERVISIONADO EM COMPUTAcaO	\N
502075	4	TRABALHO DE CONCLUSaO DE CURSO EM COMPUTAcaO	\N
\.


--
-- Data for Name: historicos_escolares; Type: TABLE DATA; Schema: public; Owner: luiz
--

COPY public.historicos_escolares (ano, semestre, cod_disc, mat_alu, media, faltas, situacao) FROM stdin;
2001	1	200070	934091	7.55	12	AP
2001	2	200851	934091	7.2	15	AP
2001	1	202161	934091	5.15	17	AP
2001	1	203362	934091	6.5	13	AP
2001	2	203370	934091	2.7	14	RM
2002	1	203532	934091	5.05	4	AP
2002	1	203540	934091	4.25	21	RF
2002	1	203990	934091	7.35	14	AP
2002	1	204326	934091	4.35	18	RM
2001	1	204792	934091	5.35	6	AP
2001	1	204806	934091	8.65	14	AP
2001	2	204814	934091	7.8	17	AP
2001	2	204822	934091	5.1	4	AP
2001	2	204830	934091	6.2	10	AP
2001	1	200070	934144	9.5	4	AP
2001	2	200851	934144	6.85	7	AP
2001	1	202161	934144	8.2	6	AP
2001	1	203362	934144	7.35	7	AP
2001	2	203370	934144	5.9	10	AP
2002	1	203389	934144	1.95	42	RF
2002	1	203532	934144	5.25	4	AP
2002	1	203540	934144	5.15	14	AP
2002	1	203990	934144	6.45	7	AP
2002	1	204326	934144	5.9	18	AP
2001	1	204792	934144	5.8	6	AP
2001	1	204806	934144	8.15	6	AP
2001	2	204814	934144	7.65	14	AP
2001	2	204822	934144	5.6	4	AP
2001	2	204830	934144	6.55	14	AP
2001	1	200070	934170	8.15	2	AP
2001	2	200851	934170	6.85	13	AP
2001	1	202161	934170	5.1	6	AP
2001	1	203362	934170	5.25	11	AP
2001	2	203370	934170	3.2	5	RM
2002	1	203532	934170	5.05	2	AP
2002	1	203540	934170	6.3	4	AP
2002	1	203990	934170	6.95	8	AP
2002	1	204326	934170	5	4	AP
2001	1	204792	934170	5.75	4	AP
2001	1	204806	934170	7.25	6	AP
2001	2	204814	934170	6.55	13	AP
2001	2	204822	934170	5.35	4	AP
2001	2	204830	934170	5.45	8	AP
2001	1	200070	934172	7.15	2	AP
2001	2	200851	934172	7.6	0	AP
2001	1	202161	934172	5.9	5	AP
2001	1	203362	934172	6.8	8	AP
2001	2	203370	934172	5.05	9	AP
2002	1	203389	934172	5.4	9	AP
2002	1	203532	934172	5.7	4	AP
2002	1	203540	934172	7.35	4	AP
2002	1	203990	934172	6.45	4	AP
2002	1	204326	934172	6.4	6	AP
2001	1	204792	934172	5.2	0	AP
2001	1	204806	934172	8	2	AP
2001	2	204814	934172	8.7	17	AP
2001	2	204822	934172	5.15	6	AP
2001	2	204830	934172	6.7	2	AP
2001	1	200070	934180	7.15	6	AP
2001	2	200851	934180	5.05	8	AP
2002	1	201297	934180	5.1	13	AP
2001	1	202161	934180	2.45	10	RM
2001	1	203362	934180	0.45	21	RF
2002	1	203370	934180	0	34	RF
2001	2	203370	934180	0.6	15	RM
2002	1	203532	934180	0.9	4	RM
2002	1	203540	934180	3.3	12	RM
2002	1	203990	934180	6.75	7	AP
2001	2	204040	934180	4	14	RM
2001	1	204792	934180	4.2	8	RM
2001	1	204806	934180	5.05	10	AP
2001	2	204814	934180	5.55	12	AP
2001	2	204830	934180	4.2	8	RM
2001	1	200070	934307	6.15	4	AP
2001	2	200851	934307	5.7	13	AP
2001	1	202161	934307	6.15	12	AP
2001	1	203362	934307	5.1	11	AP
2002	1	203370	934307	0.6	18	RM
2001	2	203370	934307	0.45	31	RF
2002	1	203532	934307	2.25	4	RM
2002	1	203540	934307	3.9	10	RM
2002	1	203990	934307	6.75	9	AP
2001	1	204792	934307	5.1	6	AP
2002	1	204806	934307	5	22	RF
2001	1	204806	934307	2	12	RM
2001	2	204822	934307	3.1	4	RM
2001	2	204830	934307	5.05	10	AP
2001	1	200070	934625	6	2	AP
2001	2	200851	934625	5.75	3	AP
2002	1	201297	934625	7.55	6	AP
2001	1	202161	934625	5	3	AP
2001	1	203362	934625	4.6	7	RM
2001	2	203370	934625	1.2	20	RF
2002	1	203532	934625	5	2	AP
2002	1	203540	934625	5.65	6	AP
2002	1	203990	934625	7.5	4	AP
2002	1	204326	934625	5.15	4	AP
2001	1	204792	934625	5.45	4	AP
2001	1	204806	934625	5.1	4	AP
2001	2	204814	934625	6	11	AP
2001	2	204822	934625	5.05	4	AP
2001	2	204830	934625	5.6	6	AP
1999	1	200070	916766	8.3	2	AP
1999	2	200851	916766	7.9	4	AP
2002	1	200967	916766	6.7	13	AP
2001	2	201297	916766	6.95	2	AP
1999	1	202161	916766	7.1	4	AP
1999	1	203362	916766	6.5	4	AP
1999	2	203370	916766	8.4	0	AP
2000	1	203389	916766	8.15	4	AP
2000	2	203397	916766	10	12	AP
2000	1	203532	916766	6.55	10	AP
2000	1	203540	916766	6.3	4	AP
2000	2	203559	916766	5.1	0	AP
2000	1	203990	916766	7.1	2	AP
2001	2	204024	916766	5.9	4	AP
2001	2	204040	916766	7.85	10	AP
2001	1	204067	916766	5.9	13	AP
2002	1	204075	916766	6.9	6	AP
2001	1	204083	916766	6	4	AP
2001	2	204091	916766	4.8	2	RM
2001	1	204164	916766	7.2	8	AP
2001	1	204180	916766	5.1	10	AP
2000	2	204300	916766	6.6	0	AP
2001	1	204318	916766	6.5	0	AP
2000	1	204326	916766	6	5	AP
2000	2	204334	916766	7.3	6	AP
1999	1	204792	916766	7.2	0	AP
1999	1	204806	916766	5.4	4	AP
1999	2	204814	916766	6.65	1	AP
1999	2	204822	916766	5.85	0	AP
1999	2	204830	916766	7.6	10	AP
2000	2	204849	916766	6.6	1	AP
2002	1	204873	916766	5.55	4	AP
2002	1	204938	916766	5.95	2	AP
2002	1	204954	916766	7.1	10	AP
1999	1	200070	916774	6.3	7	AP
1999	2	200851	916774	7.65	10	AP
2002	1	200967	916774	8.4	7	AP
2001	2	201297	916774	8.1	4	AP
1999	1	202161	916774	8.4	8	AP
1999	1	203362	916774	5.8	2	AP
1999	2	203370	916774	6.2	6	AP
2000	1	203389	916774	8	6	AP
2000	2	203397	916774	9.7	6	AP
2000	1	203532	916774	5.55	4	AP
2000	1	203540	916774	6.4	0	AP
2000	2	203559	916774	6.45	0	AP
2000	1	203990	916774	6.25	0	AP
2001	2	204024	916774	7.5	2	AP
2001	2	204040	916774	8.05	7	AP
2001	1	204067	916774	7.6	8	AP
2002	1	204075	916774	7.8	8	AP
2001	1	204083	916774	7.1	8	AP
2001	2	204091	916774	5.2	4	AP
2001	1	204164	916774	8.05	2	AP
2001	1	204180	916774	5.5	4	AP
2000	2	204300	916774	6.6	2	AP
2001	1	204318	916774	8.05	0	AP
2000	1	204326	916774	5.1	10	AP
2000	2	204334	916774	7.3	5	AP
1999	1	204792	916774	6.3	10	AP
1999	1	204806	916774	5.1	10	AP
1999	2	204814	916774	7.85	11	AP
1999	2	204822	916774	8.05	0	AP
1999	2	204830	916774	9.25	10	AP
2000	2	204849	916774	5	4	AP
2002	1	204873	916774	6.35	4	AP
2002	1	204938	916774	6.25	2	AP
2002	1	204954	916774	8.4	7	AP
1999	1	200070	916777	7.1	8	AP
1999	2	200851	916777	7.75	9	AP
2002	1	200967	916777	9	5	AP
2001	2	201297	916777	7	2	AP
1999	1	202161	916777	5.1	8	AP
1999	1	203362	916777	7.8	6	AP
1999	2	203370	916777	7.95	2	AP
2000	1	203389	916777	8	4	AP
2000	2	203397	916777	9.7	6	AP
2000	1	203532	916777	5.05	6	AP
2000	1	203540	916777	5	2	AP
2000	2	203559	916777	6.3	0	AP
2000	1	203990	916777	7.9	2	AP
2001	2	204024	916777	6.2	6	AP
2001	2	204040	916777	6.45	3	AP
2001	1	204067	916777	7.4	10	AP
2002	1	204075	916777	6.2	6	AP
2001	1	204083	916777	5.45	3	AP
2001	2	204091	916777	5.05	4	AP
2001	1	204164	916777	6.25	6	AP
2001	1	204180	916777	5.95	8	AP
2000	2	204300	916777	6.95	2	AP
2001	1	204318	916777	7.45	2	AP
2000	1	204326	916777	6.1	1	AP
2000	2	204334	916777	7.9	4	AP
1999	1	204792	916777	6.3	6	AP
1999	1	204806	916777	5.7	6	AP
1999	2	204814	916777	5.25	6	AP
1999	2	204822	916777	5.65	0	AP
1999	2	204830	916777	7	8	AP
2000	2	204849	916777	6.15	6	AP
2002	1	204873	916777	6.05	4	AP
2002	1	204938	916777	6.4	2	AP
2002	1	204954	916777	6	12	AP
1999	1	200070	916778	5.4	14	AP
1999	2	200851	916778	8.45	12	AP
2002	1	200967	916778	7.5	12	AP
2001	2	201297	916778	7	6	AP
1999	1	202161	916778	4.5	16	RM
1999	1	203362	916778	5.7	15	AP
1999	2	203370	916778	8.8	4	AP
2000	1	203389	916778	9	6	AP
2000	2	203397	916778	10	14	AP
2000	1	203532	916778	5	8	AP
2000	1	203540	916778	5.1	8	AP
2000	2	203559	916778	6.3	0	AP
2000	1	203990	916778	6.05	7	AP
2001	2	204024	916778	5.4	12	AP
2001	2	204040	916778	6.9	17	AP
2001	1	204067	916778	7.9	18	AP
2002	1	204075	916778	6.2	7	AP
2001	1	204083	916778	5.55	11	AP
2001	2	204091	916778	5.75	4	AP
2001	1	204164	916778	6.55	18	AP
2001	1	204180	916778	5.1	16	AP
2000	2	204300	916778	8.2	2	AP
2001	1	204318	916778	8	4	AP
2000	1	204326	916778	7.15	13	AP
2000	2	204334	916778	6.7	7	AP
1999	1	204792	916778	6.5	8	AP
1999	1	204806	916778	5.5	4	AP
1999	2	204814	916778	5.1	8	AP
1999	2	204822	916778	5.8	4	AP
1999	2	204830	916778	6.1	9	AP
2000	2	204849	916778	7.2	5	AP
2002	1	204873	916778	5.55	6	AP
2002	1	204938	916778	6.1	0	AP
2002	1	204954	916778	6.2	8	AP
1999	1	200070	916781	5.7	3	AP
1999	2	200851	916781	6.45	4	AP
2002	1	200967	916781	6.9	1	AP
2001	1	201297	916781	6.6	4	AP
1999	1	202161	916781	5.1	0	AP
1999	1	203362	916781	7	6	AP
1999	2	203370	916781	7.9	0	AP
2000	1	203389	916781	6.2	0	AP
2000	2	203397	916781	9.7	4	AP
2000	1	203532	916781	3.9	4	RM
2000	1	203540	916781	5	0	AP
2000	2	203559	916781	5	2	AP
2002	1	203605	916781	7.8	0	AP
2000	1	203990	916781	5.1	0	AP
2001	1	204067	916781	7.8	4	AP
2001	2	204075	916781	6.05	0	AP
2001	1	204083	916781	7.15	2	AP
2001	2	204091	916781	4.45	4	RM
2001	1	204164	916781	7.45	1	AP
2001	1	204180	916781	5.05	0	AP
2000	2	204300	916781	4.95	0	RM
2000	1	204326	916781	5.4	0	AP
2000	2	204334	916781	7.9	1	AP
2001	2	204342	916781	5.85	4	AP
1999	1	204792	916781	5.5	2	AP
1999	1	204806	916781	5.2	6	AP
2001	2	204814	916781	6.1	3	AP
1999	2	204814	916781	3.25	6	RM
1999	2	204822	916781	5	4	AP
1999	2	204830	916781	5.9	0	AP
2000	2	204849	916781	5	0	AP
2002	1	204873	916781	6.55	0	AP
2002	1	204938	916781	5.2	2	AP
2002	1	204954	916781	6.35	0	AP
1999	1	200070	916788	6.3	8	AP
1999	2	200851	916788	6.75	9	AP
1999	1	202161	916788	5.2	2	AP
1999	1	203362	916788	8.3	8	AP
1999	2	203370	916788	6.55	6	AP
2000	1	203389	916788	7.15	2	AP
2000	2	203397	916788	8.5	14	AP
2000	1	203532	916788	5.95	12	AP
2000	1	203540	916788	5	10	AP
2000	2	203559	916788	3.2	2	RM
2000	1	203990	916788	6.55	12	AP
2001	2	204024	916788	1.5	27	RF
2001	2	204040	916788	5.2	19	RF
2001	2	204067	916788	3.85	9	RM
2002	1	204075	916788	1.8	10	RM
2001	2	204091	916788	0	30	RF
2001	2	204237	916788	6.85	17	AP
2000	2	204300	916788	6	4	AP
2002	1	204318	916788	5.05	8	AP
2000	1	204326	916788	5.2	9	AP
2000	2	204334	916788	5.95	10	AP
1999	1	204792	916788	7.2	0	AP
1999	2	204806	916788	5.55	18	AP
1999	1	204806	916788	4.8	10	RM
2002	1	204814	916788	1.05	40	RF
1999	2	204822	916788	6.1	2	AP
1999	2	204830	916788	5.9	7	AP
2002	1	204849	916788	0	16	RM
2000	2	204849	916788	2.9	5	RM
2002	1	204903	916788	6.25	2	AP
1997	1	200070	942770	6	0	AP
1997	1	200851	942770	8.25	0	AP
2002	1	201297	942770	5.75	10	AP
1997	2	202161	942770	6.5	0	AP
1997	1	203362	942770	6.75	0	AP
1997	2	203370	942770	6.25	0	AP
2002	1	203389	942770	6.05	10	AP
1999	2	203397	942770	5	0	AP
1999	1	203532	942770	6	0	AP
1998	1	203540	942770	6	0	AP
2000	2	203990	942770	8.75	0	AP
1999	1	204040	942770	8.75	0	AP
1998	2	204164	942770	7.5	0	AP
2002	1	204342	942770	5.05	8	AP
1997	2	204792	942770	6.5	0	AP
1998	1	204806	942770	5.75	0	AP
1998	2	204814	942770	5.25	0	AP
2002	1	204822	942770	6.55	2	AP
2002	1	204830	942770	5.85	10	AP
1975	2	200070	945160	8.7	0	AP
1974	1	200851	945160	8.5	0	AP
2001	1	200967	945160	6.6	0	AP
2000	2	201297	945160	7	0	AP
1976	1	202161	945160	7.2	0	AP
1974	1	203362	945160	6.9	0	AP
1976	2	203370	945160	5	0	AP
1999	2	203389	945160	8	0	AP
2000	1	203397	945160	5.7	0	AP
1999	2	203532	945160	7	0	AP
1999	2	203990	945160	7.3	0	AP
2001	1	204024	945160	5.2	0	AP
2001	2	204040	945160	5.8	0	AP
2001	1	204075	945160	6	0	AP
2000	2	204083	945160	5.5	0	AP
2001	1	204091	945160	5.7	0	AP
2001	1	204164	945160	8.6	0	AP
2001	2	204237	945160	6.6	0	AP
2000	1	204300	945160	5.2	0	AP
1999	2	204326	945160	5.7	0	AP
2000	2	204334	945160	5.2	0	AP
2001	2	204342	945160	6.1	0	AP
1974	1	204792	945160	5.8	0	AP
1976	2	204806	945160	6.3	0	AP
1999	1	204814	945160	7.4	0	AP
1999	1	204822	945160	5	0	AP
1999	1	204830	945160	7	0	AP
2000	2	204849	945160	5.3	0	AP
2001	2	204873	945160	5.8	0	AP
2001	2	204920	945160	6.2	0	AP
2001	2	204938	945160	8.3	0	AP
1987	1	203362	999814	5.2	12	AP
1987	2	203370	999814	0.6	21	RF
1988	1	203370	999814	5.2	14	AP
2002	1	203389	999814	5.55	11	AP
2002	1	203532	999814	5.05	0	AP
2002	1	203540	999814	6.3	9	AP
1988	1	203540	999814	2.7	20	RF
2002	1	203990	999814	7.5	2	AP
1989	2	204075	999814	5.8	30	RF
1989	1	204083	999814	7.2	8	AP
1989	2	204091	999814	5	14	AP
1989	1	204237	999814	5.9	14	AP
1989	1	204326	999814	6.7	12	AP
1989	2	204334	999814	6.8	13	AP
1987	1	204792	999814	6.7	10	AP
1987	2	204822	999814	5.2	14	AP
1987	1	204830	999814	5.2	4	AP
1987	1	200070	999814	6.4	6	AP
1987	2	200851	999814	5.6	8	AP
2002	1	202161	999814	5.1	10	AP
1995	1	200070	994073	5.6	10	AP
1992	2	200070	994073	5.1	18	RF
1995	1	202161	994073	5.7	13	AP
2002	1	203362	994073	6.4	8	AP
2002	1	203532	994073	6.8	4	AP
1995	1	203540	994073	7.8	2	AP
1995	2	203559	994073	9.9	2	AP
2002	1	203990	994073	8.1	4	AP
1995	2	204091	994073	6.3	0	AP
2002	1	204326	994073	5.15	6	AP
1992	2	204792	994073	7.6	2	AP
2002	1	204806	994073	8	12	AP
1995	1	204822	994073	8.9	10	AP
1992	2	204830	994073	5.3	13	AP
1993	2	200070	994921	0	32	RF
1984	2	200851	994921	7.3	12	AP
1986	1	200967	994921	6.5	0	AP
1985	1	202161	994921	5.9	10	AP
1984	1	203362	994921	5.4	8	AP
1984	2	203370	994921	5.2	4	AP
1985	2	203389	994921	7.4	0	AP
1986	1	203397	994921	6.9	0	AP
1985	1	203540	994921	8.3	4	AP
1993	2	204083	994921	0	46	RF
1990	1	204180	994921	5.8	0	AP
1990	1	204326	994921	5.9	14	AP
1984	1	204792	994921	7.8	0	AP
1984	2	204822	994921	5.9	0	AP
1984	1	204830	994921	6	0	AP
1985	2	204849	994921	6.4	0	AP
1987	1	204954	994921	8.7	0	AP
1997	1	300177	997809	8.2	17	AP
1996	1	200657	997809	6.9	16	AP
1996	2	200746	997809	7.7	4	AP
2001	1	201777	997809	8.35	3	AP
1995	2	302439	997809	7.7	8	AP
1995	2	302579	997809	5.7	12	AP
1997	1	500110	997809	0.8	5	RM
1997	2	500110	997809	0	42	RF
2000	1	500110	997809	0	36	RF
2000	2	500110	997809	0	39	RF
1995	2	500137	997809	1	8	RM
1996	2	500137	997809	7.1	2	AP
1997	1	500145	997809	0	28	RF
1998	1	500145	997809	0	52	RF
1998	2	500145	997809	0	56	RF
2000	2	500145	997809	0	42	RF
2001	2	500145	997809	5.45	2	AP
2001	1	500145	997809	0.3	38	RF
2000	1	500145	997809	0	20	RF
1999	2	500145	997809	0	59	RF
1999	1	500145	997809	0	52	RF
2002	1	500153	997809	5.6	2	AP
2001	2	500170	997809	6.05	0	AP
1996	1	500188	997809	5.7	14	AP
1996	2	500196	997809	5	15	AP
1995	2	500242	997809	5	10	AP
1996	1	203311	997809	3.9	12	RM
1997	2	203311	997809	6.9	9	AP
2001	1	500285	997809	6.3	18	AP
1996	1	500609	997809	7.1	13	AP
1997	1	500617	997809	5.5	10	AP
1997	2	500625	997809	3.9	17	RM
1998	1	500625	997809	6.1	17	AP
1999	1	500633	997809	4.1	22	RM
1999	2	500633	997809	4.95	20	RM
2000	2	500633	997809	6.3	21	AP
2002	1	500692	997809	8.1	0	AP
1998	1	500722	997809	7.1	4	AP
1999	1	500749	997809	5.6	4	AP
2000	1	500757	997809	6.05	9	AP
1995	2	500773	997809	6.6	12	AP
1996	2	500838	997809	2.9	0	RM
1997	2	500838	997809	7.8	16	AP
1998	2	500846	997809	3.5	0	RM
1999	2	500846	997809	7.4	14	AP
1998	2	500854	997809	6	4	AP
1999	1	500889	997809	7.7	6	AP
1996	1	500943	997809	5.1	13	AP
2001	2	500994	997809	0	72	RF
2002	1	500994	997809	0	72	RF
2000	1	501001	997809	5.4	7	AP
2001	1	501010	997809	8	8	AP
2000	1	501036	997809	6.05	12	AP
2000	2	304180	997809	7.05	8	AP
1996	2	203931	997809	2.1	6	RM
1998	1	203931	997809	6	6	AP
1997	1	203931	997809	3.5	22	RF
2001	2	204016	997809	6.2	14	AP
1995	2	204199	997809	5.1	6	AP
1997	1	300177	997840	7.2	12	AP
1996	1	200657	997840	7.2	13	AP
1996	2	200746	997840	6.6	16	AP
2002	1	201777	997840	6.1	6	AP
1995	2	302439	997840	6.2	7	AP
1995	2	302579	997840	6.5	5	AP
1997	2	500110	997840	0	34	RF
1999	2	500110	997840	2	16	RM
1999	1	500110	997840	0.5	40	RF
1998	1	500110	997840	1.1	24	RF
1997	1	500110	997840	0.2	19	RF
1995	2	500137	997840	1.8	14	RM
1996	2	500137	997840	7.1	6	AP
1999	2	500145	997840	5.15	0	AP
1999	1	500145	997840	0	52	RF
1998	2	500145	997840	0	44	RF
1998	1	500145	997840	0	40	RF
1997	1	500145	997840	0	34	RF
2002	1	500153	997840	5.6	0	AP
2001	1	500170	997840	3.55	12	RM
2001	2	500170	997840	5.85	14	AP
1996	1	500188	997840	7.2	8	AP
1996	2	500196	997840	1.2	44	RF
1997	2	500196	997840	7	9	AP
1995	2	500242	997840	5.3	2	AP
1996	1	203311	997840	8.2	11	AP
2001	1	500285	997840	5.2	18	AP
1996	2	500609	997840	6.8	10	AP
1996	1	500609	997840	0.9	14	RM
1997	1	500617	997840	5.8	18	AP
1997	2	500625	997840	1	14	RM
1998	1	500625	997840	5.7	11	AP
2000	1	500633	997840	0.9	22	RM
2000	2	500633	997840	5.8	21	AP
2002	1	500692	997840	8.8	0	AP
1999	2	500722	997840	5	4	AP
1999	1	500722	997840	2	8	RM
1998	2	500722	997840	0	37	RF
2001	1	500730	997840	8.05	12	AP
2000	1	500749	997840	0.6	54	RF
2000	2	500749	997840	7.2	24	AP
2001	1	500757	997840	6.95	4	AP
1995	2	500773	997840	7	6	AP
1997	1	500838	997840	0.3	56	RF
1998	1	500838	997840	5.1	20	AP
1997	2	500838	997840	1.9	16	RM
1999	1	500846	997840	5.9	22	AP
1998	2	500846	997840	0	8	RM
2000	1	500854	997840	0	112	RF
2000	2	500854	997840	0	116	RF
2001	1	500854	997840	5.05	32	AP
2001	2	500889	997840	7.05	13	AP
1996	1	500943	997840	6.1	2	AP
1999	2	501001	997840	0.6	32	RF
2000	1	501001	997840	0	50	RF
2000	2	501001	997840	5.05	8	AP
2001	2	501010	997840	8.5	0	AP
2001	2	501036	997840	6.3	19	AP
2001	2	501060	997840	6.3	9	AP
1998	2	304180	997840	5.4	18	AP
1996	2	203931	997840	0.3	24	RF
1997	2	203931	997840	7.6	15	AP
1998	1	204016	997840	6.5	12	AP
1995	2	204199	997840	6.5	4	AP
1997	1	300177	998518	8	7	AP
1997	1	200657	998518	6.9	3	AP
1996	2	200657	998518	2.7	3	RM
1997	2	200746	998518	5.5	6	AP
2000	1	201777	998518	6.95	2	AP
1996	1	302439	998518	7.5	0	AP
1996	1	302579	998518	6.6	2	AP
1998	1	500110	998518	1.5	8	RM
1998	2	500110	998518	6	4	AP
1997	2	500110	998518	2.7	0	RM
1997	1	500137	998518	6.6	8	AP
1996	1	500137	998518	3.7	4	RM
1997	2	500145	998518	5.1	4	AP
1998	2	500153	998518	5.8	0	AP
1998	1	500153	998518	4.3	3	RM
1999	2	500170	998518	6.25	12	AP
1996	2	500188	998518	5.1	7	AP
1997	1	500196	998518	5.1	7	AP
1996	1	500242	998518	5.3	0	AP
1996	2	203311	998518	5.3	1	AP
1999	1	500285	998518	6.5	4	AP
1997	2	500609	998518	5.3	4	AP
1997	1	500609	998518	0	2	RM
1996	2	500609	998518	0	5	RM
1998	1	500617	998518	5	12	AP
1999	1	500625	998518	6.2	2	AP
1998	2	500625	998518	3.5	9	RM
2000	2	500633	998518	4.65	4	RM
2001	1	500633	998518	5.35	10	AP
2000	1	500633	998518	1.9	14	RM
2001	2	500692	998518	8.7	0	AP
1999	2	500722	998518	5.1	0	AP
1999	1	500722	998518	1	12	RM
2001	2	500730	998518	5.7	14	AP
2000	2	500749	998518	7.4	0	AP
2000	1	500749	998518	4.6	0	RM
2001	1	500757	998518	6	4	AP
1996	1	500773	998518	5.7	4	AP
1998	2	500838	998518	5.6	8	AP
1998	1	500838	998518	0.3	8	RM
1999	1	500846	998518	5.9	5	AP
2000	2	500854	998518	6.45	4	AP
2000	1	500854	998518	0.9	20	RM
2001	1	500889	998518	6.7	4	AP
1996	2	500943	998518	6.5	0	AP
2002	1	500994	998518	0	72	RF
2001	2	500994	998518	0	72	RF
1999	2	501001	998518	5.65	6	AP
2001	2	501010	998518	5.5	0	AP
2001	2	501036	998518	5.7	6	AP
2001	1	501036	998518	4.75	14	RM
2001	2	501060	998518	6.2	7	AP
1998	1	304180	998518	7.9	16	AP
1996	2	203931	998518	5.5	4	AP
1997	2	204016	998518	8.5	2	AP
1996	1	204199	998518	5.8	4	AP
1997	2	300177	998525	5.3	17	AP
1996	2	200657	998525	5.8	18	AP
1997	1	200746	998525	6.1	6	AP
2001	2	201777	998525	7.05	4	AP
1996	1	302439	998525	5	8	AP
1996	1	302579	998525	6.2	4	AP
1998	1	500110	998525	5.9	14	AP
1997	2	500110	998525	4.5	8	RM
1996	1	500137	998525	5.3	2	AP
1996	2	500145	998525	5.8	4	AP
1997	1	500153	998525	5.8	0	AP
2000	1	500170	998525	6.55	11	AP
1998	2	500170	998525	3.7	8	RM
1996	2	500188	998525	6.3	8	AP
1997	1	500196	998525	5.6	8	AP
1996	1	500242	998525	5.3	2	AP
1996	2	203311	998525	5.6	8	AP
2002	1	500285	998525	6.2	14	AP
2001	2	500285	998525	0	46	RF
2000	2	500285	998525	0	38	RF
1997	2	500609	998525	6.4	10	AP
1997	1	500609	998525	2.4	5	RM
1996	2	500609	998525	0.6	4	RM
2000	1	500617	998525	5	18	AP
1999	2	500617	998525	4.35	12	RM
1999	1	500617	998525	0.2	17	RM
1998	2	500617	998525	2.6	4	RM
1997	2	500617	998525	2.7	10	RM
2000	2	500625	998525	2.55	16	RM
2001	2	500633	998525	5	14	AP
2001	1	500633	998525	2.3	14	RM
1999	2	500722	998525	5.3	6	AP
1999	1	500722	998525	2.4	8	RM
1998	2	500722	998525	0.6	32	RF
2002	1	500730	998525	1.35	32	RF
2000	2	500749	998525	5.65	15	AP
2000	1	500749	998525	2.65	20	RM
2001	1	500757	998525	6.5	0	AP
1996	1	500773	998525	5.5	7	AP
1998	1	500838	998525	5.1	4	AP
1999	2	500846	998525	6.6	15	AP
1998	2	500846	998525	0.8	42	RF
2000	2	500854	998525	5.5	20	AP
2000	1	500854	998525	0	96	RF
2001	1	500889	998525	5.45	18	AP
1996	2	500943	998525	7.7	4	AP
2001	1	501001	998525	5.15	18	AP
2002	1	501010	998525	9.5	0	AP
2001	1	501036	998525	6.1	16	AP
2002	1	501060	998525	6.4	15	AP
2001	2	501060	998525	0	48	RF
1999	1	304180	998525	6.9	16	AP
1998	1	304180	998525	0	40	RF
1997	2	304180	998525	0	58	RF
1997	1	203931	998525	5.7	6	AP
1998	1	204016	998525	8	6	AP
1996	1	204199	998525	5.6	0	AP
1997	2	300177	998531	8.2	6	AP
1997	1	200657	998531	6.9	17	AP
1996	2	200657	998531	4.4	20	RF
1997	2	200746	998531	6.7	3	AP
2000	1	201777	998531	7.6	10	AP
1996	1	302439	998531	7.3	0	AP
1996	1	302579	998531	7	4	AP
1996	1	500137	998531	3.8	3	RM
2000	1	500137	998531	8.3	0	AP
2000	2	500145	998531	5.3	5	AP
2001	1	500153	998531	1.2	26	RF
1997	1	500188	998531	6.4	2	AP
1996	2	500188	998531	3.5	10	RM
1998	1	500196	998531	6	10	AP
1996	1	500242	998531	5.1	0	AP
1996	2	203311	998531	5.2	10	AP
2002	1	500285	998531	0	58	RF
1997	2	500609	998531	8.8	1	AP
1997	1	500609	998531	0.9	4	RM
1996	2	500609	998531	3.5	5	RM
1998	2	500617	998531	5.9	1	AP
1999	1	500625	998531	1.2	16	RM
2001	2	500633	998531	6.6	4	AP
1998	2	500722	998531	5.1	0	AP
2001	2	500730	998531	6.75	6	AP
2001	1	500730	998531	0	39	RF
1999	1	500749	998531	6.7	13	AP
2000	2	500757	998531	3.9	14	RM
2001	2	500757	998531	6	8	AP
1999	2	500757	998531	4.4	12	RM
1996	1	500773	998531	8.2	3	AP
1998	1	500838	998531	5.1	12	AP
1998	2	500846	998531	5.2	0	AP
1999	1	500854	998531	5.1	20	AP
2000	2	500889	998531	5.55	16	AP
1999	2	500889	998531	0	22	RF
1996	2	500943	998531	9.3	0	AP
2001	2	501001	998531	0	60	RF
1999	2	501036	998531	7.5	16	AP
2002	1	501060	998531	6.95	9	AP
2000	1	501060	998531	0	24	RF
1998	1	304180	998531	8.5	4	AP
1997	1	203931	998531	5.9	4	AP
1997	2	204016	998531	8	2	AP
1996	1	204199	998531	7.2	0	AP
1997	1	300177	998540	7.7	12	AP
1996	2	200657	998540	6	11	AP
1997	1	200746	998540	6.5	11	AP
2002	1	201777	998540	5.5	7	AP
1996	1	302439	998540	6.3	13	AP
1996	1	302579	998540	5.9	2	AP
1999	1	500110	998540	6.3	8	AP
1997	2	500110	998540	1.4	14	RM
1997	1	500137	998540	7.1	8	AP
1996	1	500137	998540	2.5	4	RM
1999	2	500145	998540	5.05	17	AP
1999	1	500145	998540	1.2	16	RM
1997	2	500145	998540	1.2	22	RF
2002	1	500153	998540	5.2	2	AP
2000	1	500153	998540	0	53	RF
2002	1	500170	998540	0	68	RF
2001	2	500170	998540	0	60	RF
1996	2	500188	998540	7	9	AP
1997	1	500196	998540	5.3	8	AP
1996	2	500242	998540	5.1	0	AP
1996	1	500242	998540	4.2	8	RM
1996	2	203311	998540	7.4	8	AP
2001	2	500285	998540	6.5	15	AP
1997	1	500609	998540	7.5	12	AP
1997	2	500617	998540	5	4	AP
2000	2	500625	998540	5.4	12	AP
2000	1	500625	998540	4.3	12	RM
1999	2	500625	998540	1.45	16	RM
1999	1	500625	998540	0	43	RF
2001	2	500633	998540	5.5	22	AP
2001	1	500633	998540	2.4	23	RM
1999	1	500722	998540	5.1	4	AP
2000	2	500730	998540	5.2	14	AP
2000	1	500749	998540	5.05	12	AP
1999	2	500749	998540	4.55	10	RM
2000	2	500757	998540	5.55	16	AP
1996	1	500773	998540	5.9	9	AP
1997	2	500838	998540	5.8	4	AP
1999	1	500846	998540	5.2	4	AP
2000	2	500854	998540	5	24	AP
2000	1	500854	998540	0.9	60	RF
1999	2	500854	998540	0	56	RF
2001	1	500889	998540	6.4	6	AP
1996	2	500943	998540	7.9	3	AP
2001	1	501001	998540	5.6	13	AP
2002	1	501010	998540	9.5	0	AP
2001	2	501036	998540	5.5	26	AP
2001	1	501036	998540	4.35	26	RM
2001	1	304180	998540	5.45	15	AP
2000	2	304180	998540	0	58	RF
1996	2	203931	998540	6.5	6	AP
1997	1	204016	998540	6.9	12	AP
2001	2	204199	998540	5.15	10	AP
1997	2	204199	998540	3.5	11	RM
1996	1	204199	998540	3.5	2	RM
1998	1	300177	999831	7.2	7	AP
1997	1	200657	999831	6	6	AP
1997	2	200746	999831	6.3	1	AP
1998	2	201777	999831	6	8	AP
1996	2	302439	999831	7.8	2	AP
1996	2	302579	999831	7.8	1	AP
1998	1	500110	999831	5.8	10	AP
1996	2	500137	999831	7.9	2	AP
1997	1	500145	999831	5.8	2	AP
1997	2	500153	999831	6.2	0	AP
2000	1	500170	999831	7.9	8	AP
1997	1	500188	999831	6.5	2	AP
1997	2	500196	999831	5.7	0	AP
1996	2	500242	999831	5.7	0	AP
1997	1	203311	999831	5.7	0	AP
1998	2	500285	999831	7.4	4	AP
1997	2	500609	999831	5.1	4	AP
1997	1	500609	999831	0	7	RM
1998	2	500617	999831	5.9	0	AP
1999	1	500625	999831	5.8	2	AP
1999	1	500722	999831	1.5	0	RM
1999	2	500722	999831	5.2	4	AP
2001	2	500730	999831	5.2	10	AP
2000	1	500749	999831	4.25	2	RM
2001	1	500749	999831	6.8	2	AP
2001	2	500757	999831	2.7	12	RM
1996	2	500773	999831	6.9	2	AP
1998	2	500838	999831	5.6	0	AP
1998	1	500838	999831	3.2	0	RM
1999	1	500846	999831	5.7	8	AP
2000	1	500854	999831	0	74	RF
2001	2	500854	999831	0	68	RF
2001	1	500854	999831	0	96	RF
2002	1	500854	999831	5	14	AP
1997	1	500943	999831	6.3	1	AP
1999	2	501001	999831	6.4	6	AP
2001	2	501036	999831	7.3	16	AP
1999	2	304180	999831	9.35	10	AP
1997	2	203931	999831	6	2	AP
1998	1	204016	999831	7.3	6	AP
1996	2	204199	999831	5.8	1	AP
2000	2	300177	999836	0	20	RF
1997	1	200657	999836	5.7	8	AP
1997	2	200746	999836	6.1	11	AP
2001	2	201777	999836	6.2	10	AP
2000	1	201777	999836	0	43	RF
1996	2	302439	999836	7.4	6	AP
1996	2	302579	999836	5.4	6	AP
2002	1	500110	999836	0	34	RF
2000	2	500110	999836	0	18	RM
1998	1	500110	999836	0	36	RF
1998	2	500110	999836	0.6	36	RF
1999	2	500110	999836	0	34	RF
1996	2	500137	999836	5.1	0	AP
1998	2	500145	999836	0	34	RF
1997	2	500145	999836	0	38	RF
1997	1	500145	999836	0	14	RM
2000	1	500145	999836	2.3	8	RM
1999	1	500145	999836	0	30	RF
1997	2	500188	999836	5.3	8	AP
1997	1	500188	999836	4	10	RM
1998	1	500196	999836	6.5	12	AP
1996	2	500242	999836	5.6	2	AP
2001	1	203311	999836	0	39	RF
2000	1	203311	999836	0	53	RF
1999	1	203311	999836	4.3	16	RM
1998	2	203311	999836	0.8	10	RM
1997	1	203311	999836	0.6	15	RM
2002	1	203311	999836	0	18	RM
2001	2	203311	999836	0	72	RF
2000	1	500609	999836	2.15	26	RF
1999	2	500609	999836	0.6	22	RF
1999	1	500609	999836	1.6	26	RF
1998	2	500609	999836	1.4	14	RM
1998	1	500609	999836	0.6	24	RF
1997	2	500609	999836	1.2	13	RM
1997	1	500609	999836	0.6	18	RM
2000	2	500609	999836	5.05	18	AP
2001	1	500617	999836	5.15	18	AP
2000	2	500617	999836	4.35	18	RM
2000	1	500617	999836	4	16	RM
1999	2	500617	999836	4.15	23	RF
1999	1	500617	999836	3.2	13	RM
1998	2	500617	999836	2.9	16	RM
1998	1	500617	999836	2.6	14	RM
1996	2	500773	999836	5.8	4	AP
2001	2	500838	999836	1.3	16	RM
2002	1	500838	999836	0.45	26	RM
2001	1	500838	999836	5.55	41	RF
1997	1	500943	999836	6	4	AP
2002	1	304180	999836	0	41	RF
2001	2	304180	999836	0	36	RF
2001	1	304180	999836	0	56	RF
1997	2	203931	999836	5.3	16	AP
1999	2	204016	999836	5.2	8	AP
1996	2	204199	999836	5.1	4	AP
1998	2	300177	999857	7.7	8	AP
1997	1	200657	999857	6.4	15	AP
1997	2	200746	999857	5.1	10	AP
1999	1	201777	999857	5.6	12	AP
1996	2	302439	999857	7.6	5	AP
1996	2	302579	999857	3.9	7	RM
1999	2	500110	999857	7.4	8	AP
1996	2	500137	999857	6	2	AP
2002	1	500145	999857	5.1	2	AP
2000	2	500145	999857	0.3	19	RF
1999	1	500145	999857	0	44	RF
1997	1	500145	999857	0	26	RF
2001	1	500170	999857	2.8	8	RM
2002	1	500170	999857	1.55	14	RM
1997	1	500188	999857	5	11	AP
1999	1	500196	999857	5.1	4	AP
1998	2	500196	999857	0.3	29	RF
1998	1	500196	999857	3.6	10	RM
1996	2	500242	999857	5	6	AP
1998	2	203311	999857	5.1	8	AP
1998	1	203311	999857	2.6	6	RM
1997	2	203311	999857	0	37	RF
1997	1	203311	999857	4	8	RM
2000	1	500285	999857	6.7	4	AP
1998	2	500609	999857	7.2	10	AP
1998	1	500609	999857	0.3	33	RF
1997	2	500609	999857	0	26	RF
1997	1	500609	999857	0.3	32	RF
1999	1	500617	999857	5.1	13	AP
1998	1	500617	999857	3.3	11	RM
2000	1	500625	999857	5.85	15	AP
1999	2	500625	999857	1.05	17	RM
2002	1	500633	999857	5.35	10	AP
2001	2	500633	999857	2.1	20	RM
2001	1	500722	999857	5.6	12	AP
2000	2	500722	999857	0.3	30	RF
2000	1	500722	999857	0.3	2	RM
1999	2	500730	999857	6.9	10	AP
2001	1	500749	999857	8.15	2	AP
2001	2	500757	999857	2.55	16	RM
1996	2	500773	999857	5.1	8	AP
1999	2	500838	999857	5.05	14	AP
1999	1	500838	999857	1.4	28	RM
2000	2	500846	999857	5.6	26	AP
2000	1	500846	999857	2.4	7	RM
2001	2	500854	999857	7.6	4	AP
2002	1	500889	999857	5.15	7	AP
1997	1	500943	999857	6.1	2	AP
2000	2	501001	999857	5	8	AP
2001	2	501036	999857	5.25	11	AP
2002	1	501060	999857	5.5	14	AP
1999	2	304180	999857	6.7	12	AP
1997	2	203931	999857	5.9	6	AP
1998	2	204016	999857	6	7	AP
1996	2	204199	999857	5.8	7	AP
1998	1	300177	911094	6.4	11	AP
1997	2	200657	911094	5.9	8	AP
1998	1	200746	911094	5.8	14	AP
1997	1	302439	911094	8.4	2	AP
1997	1	302579	911094	7.8	2	AP
1998	2	500110	911094	6.4	14	AP
1997	1	500137	911094	7.5	0	AP
1997	2	500145	911094	6.6	4	AP
1998	1	500153	911094	1.8	4	RM
1998	2	500153	911094	6.2	2	AP
1999	1	500170	911094	6.6	16	AP
1997	2	500188	911094	8.5	6	AP
1998	1	500196	911094	5.5	4	AP
1997	1	500242	911094	6.2	7	AP
1999	2	203311	911094	6.05	7	AP
1997	2	203311	911094	4.4	4	RM
2000	2	500285	911094	0	40	RF
2001	1	500285	911094	6	18	AP
1997	2	500609	911094	1.5	2	RM
1998	1	500609	911094	9.7	13	AP
1998	2	500617	911094	5	1	AP
1999	1	500625	911094	5.6	11	AP
2000	2	500633	911094	4.8	27	RM
2001	1	500633	911094	5	16	AP
2000	1	500633	911094	0.3	26	RM
1999	2	500722	911094	5.05	8	AP
1999	1	500722	911094	0.7	12	RM
2000	1	500730	911094	7.4	14	AP
2000	1	500749	911094	4.5	14	RM
2000	2	500749	911094	5.1	24	AP
2001	1	500757	911094	5.75	6	AP
1997	1	500773	911094	6.3	12	AP
1998	2	500838	911094	5	16	AP
1999	1	500846	911094	6.3	11	AP
2001	2	500854	911094	1.5	50	RF
2002	1	500854	911094	5.05	30	AP
2001	1	500854	911094	3.65	20	RM
2000	1	500854	911094	0.3	42	RF
2000	2	500854	911094	1.5	32	RM
1997	2	500943	911094	6.5	0	AP
2002	1	500994	911094	0	68	RF
1999	2	501001	911094	5.4	7	AP
2001	2	501010	911094	0	72	RF
2002	1	501010	911094	7	0	AP
2001	2	501036	911094	5.35	26	AP
1999	2	304180	911094	7.5	3	AP
1998	1	203931	911094	5.1	12	AP
1998	2	204016	911094	8.8	6	AP
1997	1	204199	911094	5.8	5	AP
2000	1	300177	911113	9.15	8	AP
1997	2	200657	911113	7	14	AP
1998	1	200746	911113	7.2	14	AP
2001	2	201777	911113	8.25	6	AP
1997	1	302439	911113	7.6	5	AP
1997	1	302579	911113	7	4	AP
1998	2	500110	911113	3.7	9	RM
2002	1	500110	911113	5.2	6	AP
2000	2	500110	911113	2.85	8	RM
1997	1	500137	911113	5	0	AP
1997	2	500145	911113	3.8	6	RM
1998	2	500145	911113	5.1	6	AP
2002	1	500153	911113	0	42	RF
2001	2	500170	911113	7.35	4	AP
1997	2	500188	911113	5.3	7	AP
1998	1	500196	911113	5.7	4	AP
1997	1	500242	911113	6.1	1	AP
1998	1	203311	911113	6.1	11	AP
1997	2	203311	911113	3.3	12	RM
2002	1	500285	911113	6.7	13	AP
1997	2	500609	911113	5.4	8	AP
2000	1	500617	911113	6.55	9	AP
1998	2	500617	911113	3.9	9	RM
2001	2	500625	911113	7.75	12	AP
2000	2	500625	911113	4.5	4	RM
2001	2	500633	911113	6.2	14	AP
2001	1	500633	911113	4.6	2	RM
2000	1	500722	911113	5	0	AP
2002	1	500730	911113	6	14	AP
2000	2	500749	911113	5.8	4	AP
2001	1	500757	911113	7.7	0	AP
1997	1	500773	911113	6.8	8	AP
1998	2	500838	911113	5.2	16	AP
1998	1	500838	911113	2.6	36	RM
2000	1	500846	911113	7.5	15	AP
2000	2	500854	911113	6	8	AP
2001	1	500889	911113	8.15	6	AP
1997	2	500943	911113	8.6	2	AP
2001	1	501001	911113	6.25	10	AP
2002	1	501010	911113	9.5	0	AP
2001	1	501036	911113	6.7	18	AP
2002	1	501060	911113	5.35	13	AP
2000	1	304180	911113	8	8	AP
1998	1	203931	911113	5.1	8	AP
1998	2	204016	911113	5.3	3	AP
2001	2	204199	911113	8	7	AP
1997	1	204199	911113	4.1	2	RM
1999	1	300177	911124	5.5	10	AP
1997	2	200657	911124	7.1	10	AP
1999	1	200746	911124	7.1	18	AP
1997	1	302439	911124	7.9	0	AP
1997	1	302579	911124	6.6	2	AP
1999	2	500110	911124	0.45	20	RF
2001	1	500110	911124	5.35	16	AP
2000	1	500110	911124	2.5	13	RM
1997	1	500137	911124	4.3	6	RM
1997	2	500137	911124	5	13	AP
1998	1	500145	911124	0.2	14	RM
1999	2	500145	911124	1.5	2	RM
1998	2	500145	911124	1.7	8	RM
1998	1	500188	911124	4.2	14	RM
2000	1	500188	911124	5.85	10	AP
2000	2	500196	911124	5.5	8	AP
1997	1	500242	911124	5.8	1	AP
1997	2	203311	911124	4.9	16	RM
1998	1	203311	911124	3.8	3	RM
1998	2	203311	911124	1.7	6	RM
2002	1	203311	911124	5.05	13	AP
2001	2	500285	911124	5.1	6	AP
1997	2	500609	911124	7	5	AP
1999	2	500617	911124	5	6	AP
2000	1	500625	911124	2.85	12	RM
2002	1	500625	911124	5.1	8	AP
2000	2	500625	911124	3.25	10	RM
2001	2	500633	911124	4.6	0	RM
2002	1	500633	911124	5.65	10	AP
1999	1	500722	911124	0.3	8	RM
1999	2	500722	911124	1.1	12	RM
2000	1	500722	911124	5.4	14	AP
2001	1	500730	911124	6.85	12	AP
2000	2	500749	911124	5.2	10	AP
2001	1	500757	911124	6.35	4	AP
1997	1	500773	911124	7.2	5	AP
1998	1	500838	911124	4.4	12	RM
1998	2	500838	911124	5.3	8	AP
1999	1	500846	911124	6	20	AP
2000	2	500854	911124	2.25	16	RM
2002	1	500854	911124	5	22	AP
2001	1	500854	911124	4.45	0	RM
1997	2	500943	911124	9.1	12	AP
2001	2	501001	911124	5.15	12	AP
2001	2	501036	911124	5.55	2	AP
1999	2	304180	911124	6.45	10	AP
1998	2	203931	911124	0.9	17	RM
2002	1	204016	911124	1.6	15	RM
1997	1	204199	911124	5.3	4	AP
2000	2	300177	911135	6.7	4	AP
1998	1	200657	911135	6.7	10	AP
1997	2	200657	911135	4.6	11	RM
1998	2	200746	911135	5.9	16	AP
2001	1	201777	911135	8.35	4	AP
1997	1	302439	911135	7.6	6	AP
1997	1	302579	911135	5.4	2	AP
2000	2	500110	911135	3.8	9	RM
2000	1	500137	911135	6.05	0	AP
1999	2	500137	911135	0.45	22	RF
1998	2	500137	911135	0	16	RM
1997	2	500137	911135	1.7	2	RM
1997	1	500137	911135	2.4	0	RM
2000	2	500145	911135	2.05	8	RM
2002	1	500170	911135	1.5	14	RM
1998	1	500188	911135	6.4	10	AP
1997	2	500188	911135	4	15	RM
1999	1	500196	911135	6.6	13	AP
1998	2	500196	911135	2.5	10	RM
1997	1	500242	911135	5.1	0	AP
1998	1	203311	911135	5.1	8	AP
1997	2	203311	911135	0.6	28	RF
2001	1	500285	911135	5.3	14	AP
1999	1	500609	911135	5.1	8	AP
1998	2	500609	911135	1.9	3	RM
1998	1	500609	911135	2	6	RM
1997	2	500609	911135	0	6	RM
1999	2	500617	911135	5.9	13	AP
1999	1	500617	911135	0.5	6	RM
2000	2	500625	911135	5.1	10	AP
2000	1	500625	911135	3.8	10	RM
2002	1	500633	911135	1.8	18	RM
2001	1	500722	911135	5.7	14	AP
2000	2	500722	911135	2.2	22	RF
2000	1	500722	911135	2	4	RM
1999	2	500730	911135	5.6	15	AP
2001	1	500749	911135	8.1	0	AP
2001	2	500757	911135	2.65	12	RM
1997	1	500773	911135	5.1	1	AP
1999	2	500838	911135	6.85	18	AP
2000	1	500846	911135	5.65	8	AP
2002	1	500854	911135	5.15	26	AP
2001	2	500854	911135	3	8	RM
1997	2	500943	911135	7.3	0	AP
2001	1	501001	911135	7.25	5	AP
2001	2	501036	911135	6.45	10	AP
1999	1	304180	911135	8.3	14	AP
1998	1	203931	911135	5.2	5	AP
1998	2	204016	911135	9.3	7	AP
1997	1	204199	911135	5.3	2	AP
2000	1	300177	912548	7.95	12	AP
1999	1	200657	912548	5.3	18	AP
1998	2	200657	912548	0	70	RF
1998	1	200657	912548	1.8	54	RF
1999	2	200746	912548	6.65	15	AP
1999	2	201777	912548	6.65	10	AP
1997	2	302439	912548	9.3	4	AP
1997	2	302579	912548	5.6	10	AP
2000	2	500110	912548	0	72	RF
1997	2	500137	912548	5.2	4	AP
2000	1	500145	912548	0	54	RF
1998	1	500145	912548	0	60	RF
1998	2	500145	912548	0	52	RF
1999	1	500145	912548	0	44	RF
1998	2	500188	912548	5.3	14	AP
1998	1	500188	912548	0	46	RF
1999	1	500196	912548	5.3	2	AP
1997	2	500242	912548	5.1	6	AP
1998	1	203311	912548	0	35	RF
1998	2	203311	912548	5.8	11	AP
2002	1	500285	912548	4.55	16	RM
1998	1	500609	912548	0	14	RM
1999	1	500609	912548	6	9	AP
1998	2	500609	912548	1.8	15	RM
2000	1	500617	912548	1.9	6	RM
2000	2	500617	912548	6.95	16	AP
2001	1	500625	912548	0	46	RF
2001	2	500625	912548	0	58	RF
2002	1	500633	912548	3.5	20	RM
2001	1	500722	912548	0.6	21	RF
2001	2	500722	912548	5.6	18	AP
2000	1	500730	912548	5.55	11	AP
2001	2	500749	912548	5.3	8	AP
1997	2	500773	912548	7.2	6	AP
1999	2	500838	912548	4.7	29	RM
2000	1	500838	912548	1.2	32	RM
2000	2	500838	912548	7.65	32	AP
2001	1	500846	912548	7.5	6	AP
2002	1	500854	912548	0	82	RF
1998	1	500943	912548	6.5	8	AP
2002	1	501036	912548	6.05	14	AP
1999	1	304180	912548	0	60	RF
1999	2	304180	912548	5.6	12	AP
2000	2	203931	912548	5.9	16	AP
2001	1	204016	912548	7.25	2	AP
1997	2	204199	912548	5.1	5	AP
1998	2	300177	912579	7	0	AP
1997	2	200657	912579	6	0	AP
1998	2	200746	912579	6.5	2	AP
1998	1	201777	912579	4.4	1	RM
1999	1	201777	912579	6.1	4	AP
1997	2	302439	912579	7.5	2	AP
1997	1	302579	912579	7.4	0	AP
1998	1	500110	912579	6.6	2	AP
1997	2	500137	912579	5	0	AP
1999	1	500145	912579	5.8	0	AP
1998	2	500145	912579	0.5	34	RF
1998	1	500145	912579	0.3	18	RM
2000	2	500153	912579	5.15	10	AP
2000	1	500153	912579	4.35	1	RM
1999	2	500153	912579	0.15	46	RF
2001	1	500170	912579	2.1	14	RM
1997	2	500188	912579	8.8	5	AP
1998	2	500196	912579	7.6	0	AP
1998	1	500196	912579	4	6	RM
1997	1	500242	912579	6.9	0	AP
1997	2	203311	912579	6.4	0	AP
1999	2	500285	912579	5	2	AP
1999	2	500609	912579	5	0	AP
1999	1	500609	912579	0	28	RF
1998	1	500609	912579	0	23	RF
1999	2	500617	912579	5.9	4	AP
1999	1	500617	912579	1.4	21	RF
2000	1	500625	912579	0	38	RF
2001	2	500625	912579	6.4	6	AP
2000	2	500625	912579	1.35	19	RF
2002	1	500633	912579	5.9	0	AP
2001	2	500633	912579	2.95	28	RF
2001	1	500722	912579	5.05	14	AP
2000	1	500730	912579	8.1	12	AP
2001	2	500749	912579	5.8	6	AP
2002	1	500757	912579	7.15	6	AP
1997	1	500773	912579	5.6	0	AP
2000	2	500838	912579	6.7	0	AP
2000	1	500838	912579	0.3	46	RF
2001	1	500846	912579	7.1	6	AP
2001	2	500854	912579	5.1	4	AP
2002	1	500889	912579	5.55	1	AP
1998	1	500943	912579	7.8	4	AP
2002	1	501001	912579	6.9	8	AP
2002	1	501036	912579	5.75	6	AP
2000	2	304180	912579	7.8	2	AP
1998	2	203931	912579	5.7	2	AP
1999	2	204016	912579	6.85	0	AP
1997	2	204199	912579	5	1	AP
2000	2	300177	912590	7.6	14	AP
1998	1	200657	912590	7.5	12	AP
1998	2	200746	912590	6.6	6	AP
2000	1	201777	912590	7.85	6	AP
1997	2	302439	912590	6.8	3	AP
1997	2	302579	912590	7.5	2	AP
2001	1	500110	912590	5.35	18	AP
1997	2	500137	912590	5.1	2	AP
1998	1	500145	912590	5.6	8	AP
2000	2	500153	912590	5.8	8	AP
2000	1	500153	912590	0.6	37	RF
1999	2	500153	912590	1.35	0	RM
1999	1	500153	912590	2.6	9	RM
1998	2	500153	912590	0.5	24	RF
2002	1	500170	912590	0	48	RF
1998	1	500188	912590	5.3	6	AP
2001	1	500196	912590	5.9	14	AP
1999	2	500196	912590	4	4	RM
1998	2	500196	912590	3.8	6	RM
1997	2	500242	912590	5.1	4	AP
1998	1	203311	912590	5.2	5	AP
2001	2	500285	912590	5.3	16	AP
1998	2	500609	912590	5.9	14	AP
1998	1	500609	912590	1.5	8	RM
1999	2	500617	912590	5.7	16	AP
1999	1	500617	912590	0.6	12	RM
2000	2	500625	912590	4.25	16	RM
2001	2	500625	912590	5	18	AP
2000	1	500625	912590	0.6	31	RF
2002	1	500633	912590	1.95	16	RM
2001	2	500722	912590	6.15	17	AP
2001	1	500722	912590	3.8	16	RM
2000	2	500730	912590	5.1	11	AP
2002	1	500749	912590	8	0	AP
1997	2	500773	912590	6.4	10	AP
2000	2	500838	912590	6.05	29	AP
2000	1	500838	912590	0.6	45	RF
1999	2	500838	912590	3.8	13	RM
1999	1	500838	912590	1.2	38	RF
2001	2	500846	912590	6.1	10	AP
2001	1	500846	912590	3.85	17	RM
1998	1	500943	912590	5.1	0	AP
2002	1	501001	912590	6.65	18	AP
1998	2	304180	912590	7.2	15	AP
1999	2	203931	912590	5.1	11	AP
1999	1	203931	912590	4.3	5	RM
1998	2	203931	912590	4.8	13	RM
2000	1	204016	912590	5.25	18	AP
1997	2	204199	912590	5	4	AP
2001	1	300177	912598	3.75	21	RF
1999	1	300177	912598	0.9	31	RF
1998	1	200657	912598	6.3	15	AP
1998	2	200746	912598	6.5	8	AP
1999	1	201777	912598	7.8	14	AP
1997	2	302439	912598	7.3	4	AP
1997	2	302579	912598	5.6	6	AP
1998	2	500110	912598	5.2	13	AP
1997	2	500137	912598	7.8	2	AP
1998	1	500145	912598	7.9	4	AP
1998	2	500153	912598	6.9	4	AP
2001	1	500170	912598	7.55	14	AP
2000	1	500170	912598	0	20	RF
1998	1	500188	912598	8.3	12	AP
1998	2	500196	912598	8.1	6	AP
1997	2	500242	912598	5.1	4	AP
1998	1	203311	912598	5.1	10	AP
1999	1	500285	912598	1.2	14	RM
1999	2	500285	912598	5	8	AP
1999	1	500609	912598	5.2	15	AP
1998	2	500609	912598	2.5	11	RM
1998	1	500609	912598	0	10	RM
1999	2	500617	912598	5.5	3	AP
1999	1	500617	912598	0.6	5	RM
2000	1	500625	912598	5.8	3	AP
2001	1	500633	912598	6	6	AP
2000	2	500633	912598	1.95	15	RM
2000	1	500722	912598	5.6	0	AP
2001	2	500730	912598	5.05	18	AP
2000	2	500749	912598	4.55	14	RM
2001	1	500749	912598	6.2	2	AP
2001	2	500757	912598	4.45	12	RM
1997	2	500773	912598	5.9	2	AP
1999	2	500838	912598	5.45	4	AP
2000	1	500846	912598	6.1	6	AP
2001	2	500854	912598	5.05	23	AP
2000	2	500854	912598	0	48	RF
2002	1	500889	912598	6.25	13	AP
1998	1	500943	912598	7.2	16	AP
2001	1	501001	912598	6.15	7	AP
2000	2	501001	912598	3.7	5	RM
2002	1	501010	912598	5	0	AP
2001	2	501010	912598	0	72	RF
2002	1	501036	912598	4.6	18	RM
2002	1	501060	912598	5.1	14	AP
1999	1	304180	912598	0	60	RF
1999	2	304180	912598	5	11	AP
1999	2	203931	912598	5	6	AP
1998	2	203931	912598	1.9	6	RM
2001	2	204016	912598	1.1	18	RM
2002	1	204016	912598	5.2	14	AP
1997	2	204199	912598	5.1	4	AP
2000	2	300177	912599	7.65	11	AP
1998	2	200657	912599	8.8	17	AP
1999	1	200746	912599	8.4	7	AP
1999	2	201777	912599	6.75	11	AP
1997	2	302439	912599	7.5	6	AP
1997	2	302579	912599	6.8	2	AP
2000	2	500110	912599	5.15	11	AP
2000	1	500110	912599	1.5	24	RF
1999	1	500110	912599	1.7	12	RM
1997	2	500137	912599	5.6	12	AP
1998	2	500145	912599	6	9	AP
2002	1	500153	912599	5.3	0	AP
1999	2	500153	912599	1.65	16	RM
2001	1	500170	912599	0	56	RF
1997	2	500188	912599	7.6	10	AP
1998	1	500196	912599	5	15	AP
1997	2	500242	912599	5.1	7	AP
1998	2	203311	912599	5.5	5	AP
2001	1	500285	912599	5.35	14	AP
1998	2	500609	912599	6.4	9	AP
2000	1	500617	912599	5.1	10	AP
2001	2	500625	912599	7.15	16	AP
2002	1	500633	912599	1.5	26	RM
2001	2	500633	912599	2.4	26	RM
2001	1	500722	912599	6.25	16	AP
2000	2	500722	912599	1.2	26	RF
2000	1	500722	912599	0	36	RF
2001	1	500749	912599	7.9	2	AP
1997	2	500773	912599	5.6	7	AP
1999	2	500838	912599	5.25	26	AP
1999	1	500838	912599	2.3	38	RF
2000	2	500846	912599	5.5	16	AP
2000	1	500846	912599	2.4	8	RM
2002	1	500854	912599	0	100	RF
2001	2	500854	912599	0	124	RF
1998	1	500943	912599	7.1	8	AP
2001	2	501001	912599	5.75	17	AP
2002	1	501036	912599	1.65	25	RM
1999	2	304180	912599	5.95	4	AP
1998	2	203931	912599	6.6	4	AP
1999	1	204016	912599	5.2	4	AP
1996	2	204199	912599	5.3	2	AP
1999	2	300177	913961	6.55	6	AP
1998	2	200657	913961	5.8	0	AP
1999	1	200746	913961	7	5	AP
1999	2	201777	913961	6.6	0	AP
1998	1	302439	913961	7.9	4	AP
1998	1	302579	913961	7.1	0	AP
1999	1	500110	913961	0	38	RF
1999	2	500110	913961	6.75	4	AP
1998	1	500137	913961	5.7	0	AP
1998	2	500145	913961	5.6	2	AP
1999	1	500153	913961	4.4	4	RM
1999	2	500153	913961	5.3	11	AP
2001	1	500170	913961	5.15	10	AP
2000	2	500170	913961	0	38	RF
1998	2	500188	913961	5.1	1	AP
1999	1	500196	913961	5.8	0	AP
1998	1	500242	913961	6.9	0	AP
1998	2	203311	913961	5	0	AP
2001	1	500285	913961	5.75	13	AP
1999	1	500609	913961	1.2	4	RM
1998	2	500609	913961	0.2	8	RM
1999	2	500609	913961	5.5	4	AP
2000	1	500617	913961	4.35	8	RM
2000	2	500617	913961	6.35	2	AP
2001	1	500625	913961	5	6	AP
2002	1	500633	913961	5.15	14	AP
2001	2	500633	913961	3.7	13	RM
2001	1	500722	913961	5.8	17	AP
2000	2	500722	913961	1.6	6	RM
2000	1	500730	913961	8.9	6	AP
2001	2	500749	913961	7.8	6	AP
1998	1	500773	913961	5.6	2	AP
2000	1	500838	913961	5.05	2	AP
2000	2	500846	913961	5.3	4	AP
2001	2	500854	913961	3.2	8	RM
2002	1	500854	913961	5.05	24	AP
1998	2	500943	913961	7	0	AP
2001	1	501001	913961	7.1	10	AP
2002	1	501036	913961	6.85	6	AP
1999	2	304180	913961	6.7	4	AP
1999	1	203931	913961	5.1	2	AP
2000	1	204016	913961	6.3	4	AP
1998	1	204199	913961	7.5	5	AP
1999	2	300177	913977	5.1	10	AP
1998	2	200657	913977	5.6	1	AP
1999	1	200746	913977	6.3	8	AP
2001	1	201777	913977	8.05	4	AP
1998	1	302439	913977	6.5	3	AP
1998	1	302579	913977	7.2	0	AP
1999	1	500110	913977	0	60	RF
2000	2	500110	913977	5.05	6	AP
2000	1	500110	913977	2.9	6	RM
1998	1	500137	913977	5.2	0	AP
1998	2	500145	913977	5	0	AP
1999	2	500153	913977	5.25	7	AP
1999	1	500153	913977	0.7	8	RM
2001	2	500170	913977	0	46	RF
1998	2	500188	913977	6.2	0	AP
1999	1	500196	913977	5.2	2	AP
1998	2	500242	913977	6.6	6	AP
1998	1	500242	913977	4.2	0	RM
1998	2	203311	913977	5.9	0	AP
2002	1	500285	913977	7	12	AP
1999	2	500609	913977	8.5	3	AP
1999	1	500609	913977	0.6	2	RM
2000	2	500617	913977	5.1	2	AP
2002	1	500633	913977	3.5	0	RM
2000	2	500722	913977	0	40	RF
2001	2	500722	913977	7	4	AP
2001	1	500722	913977	3.8	12	RM
2001	1	500730	913977	5.45	14	AP
2001	2	500749	913977	6.65	8	AP
2002	1	500757	913977	2.85	6	RM
1998	1	500773	913977	5.5	0	AP
2000	1	500838	913977	5.1	4	AP
2000	2	500846	913977	6.05	8	AP
1998	2	500943	913977	6.5	0	AP
2001	1	501001	913977	5.8	10	AP
2002	1	501036	913977	5.85	10	AP
2000	1	304180	913977	6.05	8	AP
1999	2	203931	913977	5.85	9	AP
1999	1	203931	913977	2.8	6	RM
2000	1	204016	913977	4.05	0	RM
1998	1	204199	913977	6.6	2	AP
2000	2	300177	913996	8.8	15	AP
2000	1	200657	913996	1.5	57	RF
1998	2	200657	913996	4.9	8	RM
2001	1	200657	913996	7.55	10	AP
2001	2	201777	913996	10	6	AP
1998	1	302439	913996	6	12	AP
1998	1	302579	913996	6.4	0	AP
1999	2	500110	913996	1.3	12	RM
2000	1	500110	913996	0.3	26	RF
1999	1	500137	913996	5.1	0	AP
1998	2	500137	913996	4.4	4	RM
1998	1	500137	913996	1.2	16	RM
2000	1	500145	913996	5.2	6	AP
1999	2	500145	913996	3.9	2	RM
2000	2	500153	913996	5.7	10	AP
2001	2	500170	913996	5	14	AP
1998	2	500188	913996	5.9	4	AP
1999	1	500196	913996	5.2	11	AP
1998	2	500242	913996	5.1	12	AP
1998	1	500242	913996	0.8	19	RF
1999	2	203311	913996	0	20	RF
1999	1	203311	913996	4	10	RM
2002	1	500285	913996	6.45	12	AP
1999	1	500609	913996	0.5	12	RM
2000	1	500609	913996	5	13	AP
1999	2	500609	913996	0	26	RF
2001	2	500617	913996	5.7	16	AP
2002	1	500625	913996	6.9	11	AP
2002	1	500633	913996	4.4	6	RM
2001	2	500722	913996	6	13	AP
2000	2	500730	913996	4.35	17	RM
2001	2	500749	913996	6.6	2	AP
2002	1	500757	913996	4.6	14	RM
1998	2	500773	913996	6.8	4	AP
1998	1	500773	913996	2.7	4	RM
2000	2	500838	913996	0.75	56	RF
2001	1	500838	913996	6.25	4	AP
1999	1	500943	913996	6.8	12	AP
2002	1	501001	913996	7.25	14	AP
1999	1	304180	913996	6.5	17	AP
1998	2	203931	913996	5.1	5	AP
2001	1	204016	913996	4.5	2	RM
1998	1	204199	913996	5.3	7	AP
2000	2	300177	913998	7.7	6	AP
1998	2	200657	913998	5.5	2	AP
1999	2	200746	913998	7.65	8	AP
2001	1	201777	913998	7.15	5	AP
1998	1	302439	913998	5.4	3	AP
1998	1	302579	913998	6.7	0	AP
1999	1	500110	913998	6.9	0	AP
1998	1	500137	913998	5	2	AP
1999	1	500145	913998	5.2	0	AP
1998	2	500145	913998	0.8	12	RM
1999	2	500153	913998	0.6	20	RF
2002	1	500153	913998	5	0	AP
1998	2	500188	913998	5.1	2	AP
1999	1	500196	913998	5	2	AP
1998	1	500242	913998	5.2	0	AP
1998	2	203311	913998	5.1	5	AP
2001	2	500285	913998	6.8	11	AP
2000	1	500285	913998	0.75	38	RF
1998	2	500609	913998	0.2	15	RM
1999	1	500609	913998	5.6	0	AP
2000	2	500617	913998	5	2	AP
2000	1	500617	913998	4.2	8	RM
2002	1	500633	913998	6	12	AP
2001	2	500722	913998	8.25	3	AP
2001	1	500722	913998	2.3	14	RM
2000	2	500722	913998	0	48	RF
2001	1	500730	913998	6.05	7	AP
2001	2	500749	913998	7.6	4	AP
1998	1	500773	913998	5	0	AP
2000	1	500838	913998	5.5	10	AP
1999	2	500838	913998	4	2	RM
2000	2	500846	913998	2.55	8	RM
2002	1	500854	913998	0	80	RF
1998	2	500943	913998	9.1	4	AP
2001	1	501001	913998	5.55	12	AP
2002	1	501036	913998	5.55	10	AP
2000	1	304180	913998	6.65	11	AP
1999	2	203931	913998	5.65	3	AP
1999	1	203931	913998	3.2	0	RM
2000	1	204016	913998	5	2	AP
1998	1	204199	913998	5.8	2	AP
2001	1	300177	914000	6.4	6	AP
1998	2	200657	914000	5.7	10	AP
1999	2	200746	914000	7.85	8	AP
2001	2	201777	914000	8.35	4	AP
1998	1	302439	914000	5.7	12	AP
1998	1	302579	914000	7.2	0	AP
2000	2	500110	914000	3.9	8	RM
2001	1	500110	914000	5.5	16	AP
2000	1	500110	914000	0.3	20	RF
1998	2	500137	914000	5.5	2	AP
1998	1	500137	914000	2.5	8	RM
1999	1	500145	914000	6.2	0	AP
1999	2	500153	914000	6.3	0	AP
2001	2	500170	914000	0	46	RF
1998	2	500188	914000	5.9	2	AP
1999	2	500196	914000	5.85	2	AP
1998	2	500242	914000	5.7	12	AP
1998	1	500242	914000	3.1	5	RM
1999	1	203311	914000	6	4	AP
2002	1	500285	914000	5.9	14	AP
1999	1	500609	914000	7.9	2	AP
2000	2	500617	914000	5.8	12	AP
2002	1	500633	914000	6.05	0	AP
2001	2	500722	914000	8.8	16	AP
2001	1	500722	914000	1.9	13	RM
2000	2	500722	914000	0	46	RF
2001	2	500749	914000	8.85	0	AP
2002	1	500757	914000	5.75	14	AP
1998	2	500773	914000	8.6	8	AP
1998	1	500773	914000	4.1	10	RM
2000	1	500838	914000	6.15	18	AP
1999	2	500838	914000	4.4	12	RM
2000	2	500846	914000	4.65	6	RM
2001	1	500846	914000	8.85	10	AP
1999	1	500943	914000	5.2	0	AP
2002	1	501001	914000	7.15	16	AP
2002	1	501036	914000	7.05	14	AP
2000	1	304180	914000	5.9	12	AP
1999	2	203931	914000	5.2	4	AP
1999	1	203931	914000	4.2	2	RM
2000	1	204016	914000	5.1	15	AP
1998	1	204199	914000	6.1	10	AP
2000	1	300177	914003	7.25	12	AP
1998	2	200657	914003	5.8	12	AP
1999	1	200746	914003	7.8	13	AP
1999	2	201777	914003	6.75	8	AP
1998	1	302439	914003	7	8	AP
1998	1	302579	914003	7.6	4	AP
1999	2	500110	914003	5.85	6	AP
1998	1	500137	914003	5.6	2	AP
1998	2	500145	914003	6.6	1	AP
1999	1	500153	914003	5.7	7	AP
2001	1	500170	914003	7.65	10	AP
1998	2	500188	914003	6.2	9	AP
1999	1	500196	914003	6.7	2	AP
1998	1	500242	914003	5.2	0	AP
1998	2	203311	914003	6.2	2	AP
2001	1	500285	914003	5.9	14	AP
1998	2	500609	914003	5.1	10	AP
1999	2	500617	914003	5.9	9	AP
2000	1	500625	914003	5.15	13	AP
2000	2	500633	914003	5.4	11	AP
2002	1	500692	914003	7.5	0	AP
2000	1	500722	914003	5.4	0	AP
2001	2	500730	914003	7.05	14	AP
2000	2	500749	914003	6.5	18	AP
2001	2	500757	914003	3.85	10	RM
1998	1	500773	914003	5.6	7	AP
1999	2	500838	914003	5.95	8	AP
1999	1	500838	914003	2	8	RM
2001	1	500846	914003	8.05	8	AP
2000	1	500846	914003	0	12	RM
2001	2	500854	914003	7.6	0	AP
2000	2	500854	914003	4.4	4	RM
2002	1	500889	914003	6.9	7	AP
1998	2	500943	914003	7.6	4	AP
2001	1	501001	914003	6.35	10	AP
2000	2	501001	914003	4.4	8	RM
2001	2	501010	914003	8	0	AP
2001	2	501036	914003	6.3	19	AP
2002	1	501060	914003	5.5	18	AP
1999	2	304180	914003	6.85	10	AP
1999	1	203931	914003	7.2	7	AP
2001	1	204016	914003	6.6	6	AP
1998	1	204199	914003	6.7	4	AP
2000	2	300177	914013	8.1	6	AP
1998	2	200657	914013	5	8	AP
1999	1	200746	914013	6.7	6	AP
2000	1	201777	914013	7.55	5	AP
1998	1	302439	914013	5	18	AP
1998	1	302579	914013	5.9	8	AP
2001	1	500110	914013	5.3	8	AP
1999	2	500110	914013	2.75	14	RM
1999	1	500137	914013	5	0	AP
1998	2	500137	914013	3.8	8	RM
1998	1	500137	914013	4.1	4	RM
2000	2	500145	914013	5.4	3	AP
1999	2	500145	914013	4.6	2	RM
2001	2	500153	914013	3.65	12	RM
2001	2	500170	914013	6.9	14	AP
2000	1	500188	914013	5.05	10	AP
1998	2	500188	914013	3.9	4	RM
2000	2	500196	914013	5.05	5	AP
1999	1	500242	914013	5.8	6	AP
1998	2	500242	914013	3.6	8	RM
1998	1	500242	914013	0.6	17	RM
2001	2	203311	914013	5.15	4	AP
2002	1	500285	914013	5.1	12	AP
2000	1	500609	914013	5.3	6	AP
1999	2	500609	914013	0	37	RF
1999	2	500617	914013	5.9	1	AP
2000	1	500625	914013	5.75	3	AP
2002	1	500633	914013	5.3	0	AP
2001	2	500722	914013	6.9	10	AP
2001	1	500722	914013	3.7	16	RM
2000	2	500730	914013	5.25	6	AP
2001	2	500749	914013	7.25	8	AP
2002	1	500757	914013	5.2	12	AP
1998	2	500773	914013	5.7	6	AP
1998	1	500773	914013	3.2	3	RM
2000	2	500838	914013	5.25	14	AP
2001	1	500846	914013	5.85	11	AP
1999	2	500943	914013	6.75	0	AP
1999	1	500943	914013	1.2	16	RM
2002	1	501001	914013	7.55	8	AP
2002	1	501036	914013	5.7	14	AP
2000	1	304180	914013	7.15	12	AP
2000	1	203931	914013	5.7	8	AP
1998	2	203931	914013	2.7	8	RM
2001	1	204016	914013	6.45	8	AP
1998	1	204199	914013	5.6	11	AP
2000	1	300177	915558	8.7	12	AP
1999	1	200657	915558	4.1	40	RF
1999	2	200657	915558	6.3	14	AP
2000	2	200746	915558	6.2	17	AP
1995	1	201777	915558	6	4	AP
1998	2	302439	915558	8.7	13	AP
1995	1	302579	915558	6.6	10	AP
2000	1	500110	915558	0	37	RF
1998	2	500137	915558	7.2	8	AP
2001	2	500145	915558	0.75	48	RF
1999	1	500145	915558	2	41	RF
2002	1	500170	915558	7.7	16	AP
2001	1	500170	915558	0	64	RF
1999	1	500188	915558	6.2	16	AP
1999	2	500196	915558	7.4	10	AP
1998	2	500242	915558	7.1	18	AP
2002	1	203311	915558	7	10	AP
1999	1	203311	915558	1.5	38	RF
1999	1	500609	915558	5.3	18	AP
2002	1	500617	915558	7.4	15	AP
2000	1	500722	915558	5.15	4	AP
2001	2	500730	915558	6.85	18	AP
2001	1	500749	915558	8.9	0	AP
2001	2	500757	915558	6.4	16	AP
1998	2	500773	915558	6.2	17	AP
1999	2	500838	915558	7	34	AP
2000	1	500846	915558	8.3	18	AP
2002	1	500854	915558	5.55	32	AP
2000	2	500854	915558	0	72	RF
2001	1	500854	915558	0.45	80	RF
1999	1	500943	915558	10	16	AP
2001	2	501036	915558	7.95	24	AP
1999	2	304180	915558	5	18	AP
1995	2	203931	915558	5.1	14	AP
1999	2	204016	915558	1.2	28	RF
1998	2	204199	915558	0	40	RF
2002	1	204199	915558	7.6	6	AP
2000	1	300177	915538	10	10	AP
1999	1	200657	915538	5.6	14	AP
1999	2	200746	915538	6.7	13	AP
2001	2	201777	915538	8.8	2	AP
1998	2	302439	915538	8.8	8	AP
1998	2	302579	915538	6.9	6	AP
2000	1	500110	915538	2.65	9	RM
1998	2	500137	915538	5	2	AP
1999	1	500145	915538	5.2	10	AP
1999	2	500153	915538	5.6	0	AP
1999	1	500188	915538	5.8	6	AP
1999	2	500196	915538	5.55	4	AP
1998	2	500242	915538	9.5	13	AP
1999	1	203311	915538	5	8	AP
2001	2	500285	915538	7.1	13	AP
1999	1	500609	915538	6.9	6	AP
2000	1	500617	915538	5.85	12	AP
2000	2	500625	915538	5.5	7	AP
2001	1	500633	915538	6.1	8	AP
2002	1	500692	915538	9.45	0	AP
2000	1	500722	915538	7.7	10	AP
2002	1	500730	915538	7.55	10	AP
2000	2	500749	915538	6.75	16	AP
2001	1	500757	915538	8.7	0	AP
1998	2	500773	915538	7.3	4	AP
1999	2	500838	915538	5	18	AP
2000	1	500846	915538	5.6	14	AP
2000	2	500854	915538	5.75	4	AP
2001	1	500889	915538	8.6	6	AP
1999	1	500943	915538	7.1	8	AP
2002	1	500994	915538	8.5	0	AP
2001	1	501001	915538	6.85	10	AP
2001	2	501010	915538	10	0	AP
2001	1	501036	915538	7.5	20	AP
2001	2	501060	915538	6.6	13	AP
2001	2	304180	915538	7.55	8	AP
1999	2	203931	915538	5.7	13	AP
2001	2	204016	915538	6.75	12	AP
1998	2	204199	915538	6.7	8	AP
2000	1	300177	915539	8.6	8	AP
1999	1	200657	915539	5.8	8	AP
1999	2	200746	915539	7.75	10	AP
2001	2	201777	915539	9.7	4	AP
1998	2	302439	915539	8.9	8	AP
1998	2	302579	915539	9.1	2	AP
2000	1	500110	915539	3	8	RM
1998	2	500137	915539	7.2	4	AP
1999	1	500145	915539	6.8	6	AP
1999	2	500153	915539	5.15	0	AP
1999	1	500188	915539	9.6	2	AP
1999	2	500196	915539	6.7	4	AP
1998	2	500242	915539	8.8	4	AP
1999	1	203311	915539	6.1	4	AP
2001	2	500285	915539	6.2	8	AP
1999	1	500609	915539	10	2	AP
2000	1	500617	915539	6.65	12	AP
2000	2	500625	915539	6.75	7	AP
2001	1	500633	915539	6.3	6	AP
2002	1	500692	915539	9.5	0	AP
2000	1	500722	915539	7.2	2	AP
2002	1	500730	915539	7.25	14	AP
2000	2	500749	915539	7.4	12	AP
2001	1	500757	915539	9.3	0	AP
1998	2	500773	915539	8.1	6	AP
1999	2	500838	915539	5.05	18	AP
2000	1	500846	915539	5.75	19	AP
2000	2	500854	915539	6.15	8	AP
2001	1	500889	915539	8.85	4	AP
1999	1	500943	915539	8	8	AP
2002	1	500994	915539	8.5	0	AP
2001	1	501001	915539	8	12	AP
2001	2	501010	915539	10	0	AP
2001	1	501036	915539	7.7	14	AP
2001	2	501060	915539	7.1	13	AP
2001	2	304180	915539	8.6	4	AP
1999	2	203931	915539	7.1	11	AP
2001	2	204016	915539	8.7	12	AP
1998	2	204199	915539	7.5	6	AP
2000	1	300177	915547	8.5	4	AP
1999	1	200657	915547	5.1	9	AP
1999	2	200746	915547	6.9	4	AP
1998	2	302439	915547	7.3	0	AP
1998	2	302579	915547	6.5	3	AP
2000	1	500110	915547	4	0	RM
2000	2	500110	915547	5.5	5	AP
1998	2	500137	915547	5.6	0	AP
1999	1	500145	915547	5.7	2	AP
1999	2	500153	915547	5.45	0	AP
2000	2	500170	915547	0	18	RM
1999	1	500188	915547	6.8	4	AP
1999	2	500196	915547	5.15	0	AP
1998	2	500242	915547	8.3	4	AP
1999	1	203311	915547	5.5	0	AP
1999	1	500609	915547	5.3	3	AP
2000	1	500617	915547	5.1	2	AP
2001	2	500625	915547	5.25	4	AP
2001	1	500625	915547	3.6	2	RM
2001	2	500633	915547	0.3	56	RF
2002	1	500633	915547	2.55	12	RM
2000	2	500722	915547	5	2	AP
2001	1	500730	915547	6.15	2	AP
2001	1	500749	915547	7.6	0	AP
2001	2	500757	915547	6.3	12	AP
1998	2	500773	915547	5.4	0	AP
2000	1	500838	915547	5	24	AP
1999	2	500838	915547	2.8	0	RM
2000	2	500846	915547	5.45	17	AP
2001	2	500854	915547	5	0	AP
2001	1	500854	915547	0.3	48	RF
2002	1	500889	915547	5.7	4	AP
1999	1	500943	915547	7.6	0	AP
2002	1	501036	915547	6.35	8	AP
2002	1	501060	915547	0	29	RF
2002	1	304180	915547	1.8	18	RM
1999	2	203931	915547	7.75	2	AP
2000	1	204016	915547	6.35	0	AP
1998	2	204199	915547	6.1	4	AP
2000	1	300177	915550	9.7	4	AP
1999	1	200657	915550	6.4	10	AP
2000	1	200746	915550	6.35	8	AP
2001	2	201777	915550	9.25	2	AP
1998	2	302439	915550	8.2	5	AP
1998	2	302579	915550	7.2	4	AP
2001	1	500110	915550	4.05	10	RM
2000	1	500110	915550	4.25	6	RM
1999	1	500137	915550	5.4	0	AP
1998	2	500137	915550	1.1	30	RF
2000	1	500145	915550	6.9	2	AP
1999	2	500145	915550	1.3	2	RM
2000	2	500153	915550	5.65	6	AP
1999	1	500188	915550	7.5	8	AP
1999	2	500196	915550	5.7	6	AP
1998	2	500242	915550	7.7	7	AP
1999	2	203311	915550	5.2	10	AP
2001	2	500285	915550	7.9	8	AP
1999	2	500609	915550	5.1	7	AP
1999	1	500609	915550	0	15	RM
2000	2	500617	915550	6.95	4	AP
2001	1	500625	915550	5.15	2	AP
2002	1	500633	915550	5.45	14	AP
2001	2	500722	915550	7.15	11	AP
2000	2	500730	915550	6.6	8	AP
2001	2	500749	915550	6.35	4	AP
1998	2	500773	915550	5.1	1	AP
2001	1	500838	915550	6.55	12	AP
2000	2	500838	915550	1.5	48	RF
2000	1	500838	915550	0.3	38	RF
2002	1	500854	915550	1.05	32	RM
1999	2	500943	915550	8.3	0	AP
1999	1	500943	915550	1.1	14	RM
2001	2	501001	915550	6.55	10	AP
2002	1	501036	915550	6.9	19	AP
2001	1	304180	915550	6.15	5	AP
2000	2	203931	915550	5.15	4	AP
2002	1	204016	915550	5.7	7	AP
1998	2	204199	915550	6.4	8	AP
2000	2	300177	915571	7.2	5	AP
2000	2	200657	915571	6.6	4	AP
2000	1	200657	915571	4.9	12	RM
1999	1	200657	915571	4.8	8	RM
2001	1	201777	915571	7.45	6	AP
1998	2	302439	915571	8.2	2	AP
1998	2	302579	915571	7.1	0	AP
2000	1	500110	915571	0.45	12	RM
1999	2	500137	915571	5.7	0	AP
1999	1	500137	915571	2	12	RM
1998	2	500137	915571	0.9	5	RM
2000	2	500145	915571	6.05	1	AP
2000	1	500145	915571	0.6	10	RM
2002	1	500153	915571	8	0	AP
1999	1	500188	915571	5.2	4	AP
1999	2	500196	915571	3.9	4	RM
1998	2	500242	915571	5.6	4	AP
1999	1	203311	915571	2.6	13	RM
1999	2	500609	915571	5.3	5	AP
1999	1	500609	915571	0	9	RM
2001	2	500617	915571	5.25	12	AP
2002	1	500625	915571	5.7	10	AP
2001	1	500722	915571	5.7	10	AP
2000	2	500722	915571	0.3	20	RF
2001	2	500730	915571	7	8	AP
2001	1	500749	915571	7.7	4	AP
2001	2	500757	915571	1.85	6	RM
1998	2	500773	915571	5.1	2	AP
2000	1	500838	915571	5.05	12	AP
2000	2	500846	915571	6.5	10	AP
2001	2	500854	915571	2.85	30	RM
2002	1	500854	915571	5.4	4	AP
1999	1	500943	915571	5.1	8	AP
2002	1	501001	915571	6	10	AP
2002	1	501036	915571	4.6	15	RM
2001	1	304180	915571	5.55	10	AP
1999	2	203931	915571	3.95	3	RM
2001	1	204016	915571	7	12	AP
1998	2	204199	915571	5.6	7	AP
1993	1	300177	994583	6.8	4	AP
1993	1	200657	994583	6.3	6	AP
1994	1	200746	994583	5.8	13	AP
1993	2	201777	994583	7.4	5	AP
1993	2	302439	994583	5.4	10	AP
1993	1	302579	994583	7.5	6	AP
2002	1	500110	994583	0	52	RF
2001	2	500110	994583	1.5	50	RF
2001	1	500110	994583	3.15	42	RF
2000	2	500110	994583	4.5	22	RF
2000	1	500110	994583	2.4	20	RF
1999	2	500110	994583	2.35	16	RM
1998	2	500110	994583	0.3	21	RF
1998	1	500110	994583	1.9	14	RM
1997	2	500137	994583	7.4	18	AP
2002	1	500145	994583	0	50	RF
2001	2	500145	994583	0	32	RF
2000	2	500145	994583	0.3	40	RF
2000	1	500145	994583	0.45	16	RM
1999	2	500145	994583	0.3	26	RF
1998	2	500145	994583	0	38	RF
1994	1	500188	994583	5.1	6	AP
1994	2	500196	994583	5.2	14	AP
1993	1	500242	994583	5.2	0	AP
1996	1	203311	994583	7.6	16	AP
1995	2	203311	994583	2.4	15	RM
1995	1	203311	994583	3.7	10	RM
1994	1	500609	994583	5.1	4	AP
1994	1	500617	994583	5	10	AP
1997	1	500625	994583	5.8	18	AP
1996	1	500625	994583	3.1	30	RF
1999	2	500633	994583	3.5	14	RM
1998	2	500633	994583	1.8	36	RF
1998	1	500633	994583	4	26	RM
1997	2	500633	994583	2.3	23	RM
2002	1	500633	994583	0.9	92	RF
2001	2	500633	994583	0	94	RF
2001	1	500633	994583	0	92	RF
2000	2	500633	994583	1.2	56	RF
2000	1	500633	994583	0	94	RF
1995	2	500722	994583	5.2	14	AP
1999	2	500730	994583	8.3	12	AP
2001	1	500749	994583	0	88	RF
2000	1	500749	994583	2.7	50	RF
1998	1	500749	994583	4.5	18	RM
1997	2	500749	994583	3.6	30	RF
1997	1	500749	994583	2.7	24	RM
1996	1	500749	994583	1.9	17	RM
1993	2	500773	994583	5.3	8	AP
1995	1	500838	994583	5.6	10	AP
1997	1	500846	994583	5.4	34	AP
1995	2	500846	994583	3.2	24	RM
1996	1	500854	994583	0.3	43	RF
1995	1	500943	994583	5.3	8	AP
1998	2	501001	994583	2	27	RF
1998	1	501001	994583	4.9	17	RM
1997	2	501001	994583	0.9	12	RM
2002	1	501001	994583	0	60	RF
2001	2	501001	994583	0	58	RF
2001	1	501001	994583	0.45	42	RF
2000	2	501001	994583	0	54	RF
2000	1	501001	994583	0.9	42	RF
1999	2	501001	994583	1.65	23	RF
1997	1	304180	994583	7.1	14	AP
1993	2	203931	994583	5.7	6	AP
1995	1	204016	994583	4.1	8	RM
1995	2	204016	994583	6.3	10	AP
1993	1	204199	994583	5.5	2	AP
1994	1	300177	995653	6.6	4	AP
1994	1	200657	995653	6.3	10	AP
1995	1	200746	995653	5.8	12	AP
1994	2	201777	995653	7.7	7	AP
1994	2	302439	995653	6.6	5	AP
1994	1	302579	995653	6.6	6	AP
1998	2	500110	995653	6.2	16	AP
1998	1	500110	995653	0	40	RF
1996	2	500137	995653	6.4	2	AP
1997	1	500145	995653	5	16	AP
1997	2	500153	995653	5.2	6	AP
2000	1	500170	995653	0	70	RF
1999	2	500170	995653	0	68	RF
1999	1	500170	995653	0	72	RF
1994	2	500188	995653	8.1	5	AP
1995	2	500196	995653	6.6	6	AP
1994	1	500242	995653	5.1	4	AP
1995	2	203311	995653	7.3	10	AP
2001	1	500285	995653	1.2	18	RM
2000	2	500285	995653	0	62	RF
1999	2	500285	995653	0	72	RF
1999	1	500285	995653	0	70	RF
1995	2	500609	995653	5.9	6	AP
1995	1	500609	995653	4	10	RM
1995	2	500617	995653	5.3	1	AP
1997	1	500625	995653	5.2	13	AP
1998	1	500633	995653	4.4	18	RM
1997	2	500633	995653	4.2	15	RM
2000	2	500633	995653	5.15	18	AP
2000	1	500633	995653	2.85	38	RF
1999	2	500633	995653	1.65	24	RM
1999	1	500633	995653	1.9	32	RF
1998	2	500633	995653	2.1	55	RF
2001	1	500692	995653	0	72	RM
1996	2	500722	995653	5.6	4	AP
2002	1	500730	995653	0.45	32	RF
2000	1	500730	995653	0	68	RF
1997	1	500749	995653	5.3	19	AP
1997	2	500757	995653	5.4	9	AP
1994	2	500773	995653	8.7	12	AP
1996	1	500838	995653	5.3	12	AP
1995	1	500838	995653	0.8	14	RM
1996	2	500846	995653	7.5	12	AP
1997	1	500854	995653	5.1	24	AP
1997	2	500889	995653	5.6	12	AP
1995	1	500943	995653	6.2	4	AP
1998	1	501001	995653	5.1	13	AP
1997	2	501001	995653	4.7	14	RM
2001	1	501010	995653	0	72	RF
2002	1	501010	995653	0	72	RF
1997	2	501036	995653	8.5	14	AP
2002	1	501060	995653	5.2	17	AP
1998	2	501060	995653	0	22	RF
1998	1	501060	995653	0	10	RM
1996	1	304180	995653	7.2	12	AP
1994	2	203931	995653	5.1	11	AP
1995	2	204016	995653	6.6	4	AP
1994	1	204199	995653	5.1	6	AP
1994	1	300177	995674	7.2	4	AP
1994	1	200657	995674	7.2	5	AP
1995	1	200746	995674	5.8	14	AP
1994	2	201777	995674	8.1	5	AP
1994	2	302439	995674	6.8	4	AP
1994	1	302579	995674	6.6	4	AP
1999	1	500110	995674	6.1	17	AP
1998	1	500110	995674	1.8	16	RM
1997	2	500110	995674	2	20	RF
1994	1	500137	995674	5.1	2	AP
1994	2	500145	995674	5.1	6	AP
1995	1	500153	995674	2.4	10	RM
1997	2	500153	995674	5	8	AP
1997	1	500153	995674	0.3	10	RM
2000	2	500170	995674	0	70	RF
1994	2	500188	995674	5.8	7	AP
1996	1	500196	995674	5.4	16	AP
1994	1	500242	995674	5.3	4	AP
1995	2	203311	995674	5.5	7	AP
2002	1	500285	995674	6.7	16	AP
2001	2	500285	995674	3.1	14	RM
2001	1	500285	995674	0	46	RF
1995	1	500609	995674	0.2	6	RM
1995	2	500609	995674	5.7	4	AP
1995	2	500617	995674	6.1	5	AP
2001	2	500625	995674	6.3	18	AP
1998	1	500625	995674	0	0	RM
2000	1	500625	995674	0	30	RF
1999	2	500625	995674	0	72	RF
2002	1	500633	995674	4.8	8	RM
2001	1	500722	995674	5	18	AP
2000	2	500722	995674	0	32	RF
2000	1	500722	995674	0	72	RF
1999	2	500722	995674	0	40	RF
1999	1	500722	995674	0	32	RF
1998	1	500722	995674	0.9	8	RM
1997	2	500722	995674	0	14	RM
1997	1	500722	995674	0	30	RF
2000	2	500730	995674	6	18	AP
2001	2	500749	995674	5.6	6	AP
2002	1	500757	995674	4.2	18	RM
1994	2	500773	995674	5.1	8	AP
1996	1	500838	995674	5.4	14	AP
1995	1	500838	995674	2.8	10	RM
1997	1	500846	995674	7.7	17	AP
2001	2	500854	995674	0	128	RF
1995	1	500943	995674	5.2	10	AP
2002	1	501001	995674	6.6	18	AP
2002	1	501036	995674	6.5	20	AP
1996	1	304180	995674	6	8	AP
2000	1	203931	995674	5.85	10	AP
2001	1	204016	995674	7.1	18	AP
1994	1	204199	995674	5.4	6	AP
1998	1	300177	996886	7.6	3	AP
1995	2	200657	996886	7.1	8	AP
1998	1	200746	996886	7	12	AP
2000	2	201777	996886	7.6	12	AP
1995	1	302439	996886	6.2	10	AP
1995	1	302579	996886	5.8	4	AP
1998	2	500110	996886	5.3	16	AP
1995	1	500137	996886	5.8	12	AP
1998	2	500145	996886	5	2	AP
1998	1	500145	996886	4.2	8	RM
1995	2	500145	996886	0	24	RF
2002	1	500153	996886	7.15	0	AP
2001	1	500153	996886	0	30	RF
2000	2	500153	996886	1.4	16	RM
2000	1	500153	996886	0	72	RF
2001	1	500170	996886	4.8	16	RM
2001	2	500170	996886	5.15	12	AP
1995	2	500188	996886	7.2	12	AP
1998	1	500196	996886	7	2	AP
1995	1	500242	996886	5.1	6	AP
1995	2	203311	996886	8.1	12	AP
2000	2	500285	996886	6.8	10	AP
2000	1	500285	996886	5.45	19	RF
1999	2	500285	996886	2.55	22	RF
1998	1	500609	996886	8.3	8	AP
1995	2	500609	996886	0.9	12	RM
1998	2	500617	996886	5.1	6	AP
1999	1	500625	996886	5.2	13	AP
2001	1	500633	996886	4	24	RM
2002	1	500633	996886	5.05	24	AP
2001	2	500633	996886	3.25	26	RM
2000	2	500722	996886	5.25	12	AP
2000	1	500722	996886	1	16	RM
1999	2	500722	996886	0	12	RM
1999	1	500722	996886	0	12	RM
2000	2	500730	996886	9.05	10	AP
2001	2	500749	996886	7.6	6	AP
2001	1	500749	996886	4.3	2	RM
1995	1	500773	996886	6.2	4	AP
1998	2	500838	996886	6.9	8	AP
1999	2	500846	996886	7.35	13	AP
1999	1	500846	996886	0	48	RF
2002	1	500854	996886	0	98	RF
2001	2	500854	996886	0	120	RF
1995	2	500943	996886	6.1	8	AP
2000	1	501001	996886	5.15	14	AP
1999	2	501001	996886	3.05	13	RM
2002	1	501036	996886	4.75	24	RM
1999	1	304180	996886	7.6	16	AP
1998	1	203931	996886	6.4	10	AP
1998	2	204016	996886	8.9	8	AP
1995	1	204199	996886	5.4	13	AP
1996	2	300177	996888	7.9	3	AP
1995	2	200657	996888	7.6	6	AP
1996	1	200746	996888	7.6	3	AP
2001	2	201777	996888	9.1	6	AP
2000	2	201777	996888	0	60	RF
1999	1	201777	996888	7.1	19	RF
1995	1	302439	996888	7.1	4	AP
1995	1	302579	996888	6.9	1	AP
1997	1	500110	996888	6.8	4	AP
1996	2	500110	996888	0.9	14	RM
1996	1	500137	996888	7.9	2	AP
1995	1	500137	996888	2.3	2	RM
1996	2	500145	996888	8	6	AP
1997	1	500153	996888	5.3	2	AP
2001	2	500170	996888	8.35	6	AP
1995	2	500188	996888	8.7	5	AP
1996	1	500196	996888	6	4	AP
1995	1	500242	996888	5.3	4	AP
1995	2	203311	996888	7.1	6	AP
1997	2	500285	996888	9.6	6	AP
1996	1	500609	996888	8.1	2	AP
1995	2	500609	996888	0	12	RM
1997	2	500617	996888	5.1	13	AP
2000	2	500625	996888	5.35	9	AP
1999	2	500625	996888	0	72	RF
1999	1	500625	996888	0	72	RF
1998	1	500625	996888	0	46	RF
2002	1	500633	996888	0.9	58	RF
2001	2	500722	996888	6.95	10	AP
2001	2	500730	996888	7.5	14	AP
2001	2	500749	996888	8.7	4	AP
1995	1	500773	996888	6.4	6	AP
2001	1	500838	996888	7.65	22	AP
2000	2	500838	996888	0	90	RF
1999	2	500838	996888	0	90	RF
1998	2	500838	996888	0	76	RF
1998	1	500838	996888	0	112	RF
1997	2	500838	996888	0.3	64	RF
1997	1	500838	996888	3.2	24	RM
1996	2	500838	996888	1.1	68	RF
2002	1	500854	996888	0	84	RF
1995	2	500943	996888	7.4	0	AP
2001	1	501001	996888	7.9	14	AP
2002	1	501036	996888	5.7	18	AP
1997	1	304180	996888	9	9	AP
1996	1	203931	996888	8.2	0	AP
1997	1	204016	996888	9	6	AP
1995	1	204199	996888	6.3	2	AP
1997	1	300177	996900	7.7	11	AP
1995	2	200657	996900	6.5	4	AP
1996	2	200746	996900	6.6	8	AP
2000	2	201777	996900	8.1	9	AP
1995	1	302439	996900	5.4	6	AP
1995	1	302579	996900	6.4	2	AP
2002	1	500110	996900	0.3	10	RM
2000	2	500110	996900	3.05	12	RM
2000	1	500110	996900	3.45	15	RM
1997	1	500110	996900	3.6	16	RM
1995	1	500137	996900	5	2	AP
1996	2	500145	996900	5	2	AP
1995	2	500145	996900	1.1	10	RM
1997	2	500153	996900	5.1	6	AP
1997	1	500153	996900	1.2	4	RM
2002	1	500170	996900	5.95	14	AP
1995	2	500188	996900	5.2	6	AP
1996	2	500196	996900	5.1	7	AP
1995	2	500242	996900	5.2	4	AP
1995	1	500242	996900	3.8	3	RM
1995	2	203311	996900	7.3	9	AP
1996	2	500609	996900	5.1	10	AP
1997	2	500617	996900	1.7	18	RM
2000	2	500617	996900	5.65	8	AP
2000	1	500617	996900	4.05	9	RM
2000	2	500722	996900	5	4	AP
2000	1	500722	996900	1.15	6	RM
2002	1	500749	996900	8	0	AP
1995	1	500773	996900	6.7	2	AP
1997	2	500838	996900	5.3	24	AP
1997	1	500838	996900	2.4	16	RM
2000	1	500846	996900	7.1	20	AP
2002	1	500854	996900	0	90	RF
1995	2	500943	996900	5.4	10	AP
2000	2	304180	996900	6.35	10	AP
1997	1	203931	996900	8	11	AP
1996	2	203931	996900	3.1	10	RM
1997	2	204016	996900	2.4	13	RM
1996	2	204199	996900	8.9	7	AP
1995	1	204199	996900	4.3	11	RM
2000	2	300177	917043	9.25	2	AP
1999	2	200657	917043	7.65	2	AP
2000	1	200746	917043	8.2	1	AP
2002	1	201777	917043	8.05	2	AP
1999	1	302439	917043	9.6	0	AP
1999	1	302579	917043	8.3	0	AP
2000	2	500110	917043	8.35	4	AP
1999	1	500137	917043	8.3	0	AP
1999	2	500145	917043	8.1	0	AP
2000	1	500153	917043	6	0	AP
2001	1	500170	917043	8.2	0	AP
1999	2	500188	917043	9.4	0	AP
2000	1	500196	917043	8.4	4	AP
1999	1	500242	917043	9	2	AP
1999	2	203311	917043	7.6	0	AP
2002	1	500285	917043	9.55	0	AP
1999	2	500609	917043	10	1	AP
2000	2	500617	917043	10	0	AP
2001	1	500625	917043	9.4	0	AP
2001	2	500633	917043	9.25	4	AP
2000	2	500722	917043	9.05	0	AP
2001	1	500749	917043	9.2	0	AP
2001	2	500757	917043	9.4	2	AP
1999	1	500773	917043	9.1	0	AP
2000	1	500838	917043	8.3	0	AP
2000	2	500846	917043	9.8	5	AP
2001	1	500854	917043	8.9	0	AP
2001	2	500889	917043	9.6	4	AP
1999	2	500943	917043	10	0	AP
2001	2	501001	917043	9.5	4	AP
2002	1	501010	917043	10	0	AP
2001	2	501036	917043	9.85	2	AP
2002	1	501060	917043	9.55	10	AP
2002	1	304180	917043	8.05	6	AP
2000	1	203931	917043	7.85	6	AP
2002	1	204016	917043	9.85	9	AP
1999	1	204199	917043	7.7	2	AP
2000	2	300177	917046	8.4	2	AP
1999	2	200657	917046	6.9	3	AP
2000	1	200746	917046	7.75	0	AP
1999	1	302439	917046	7.4	0	AP
1999	1	302579	917046	6.8	0	AP
2000	2	500110	917046	6.35	5	AP
1999	1	500137	917046	6.4	0	AP
1999	2	500145	917046	5	0	AP
2000	1	500153	917046	5.55	0	AP
2001	2	500170	917046	6.1	2	AP
2001	1	500170	917046	0.9	16	RM
1999	2	500188	917046	8.65	0	AP
2000	1	500196	917046	6.85	0	AP
1999	1	500242	917046	8.8	0	AP
1999	2	203311	917046	8.3	1	AP
2002	1	500285	917046	8.05	4	AP
1999	2	500609	917046	1.5	1	RM
2000	1	500609	917046	5.1	3	AP
2000	2	500617	917046	5.5	2	AP
2001	1	500625	917046	5.3	1	AP
2001	2	500633	917046	2.05	13	RM
2002	1	500633	917046	6.8	10	AP
2001	1	500722	917046	5.8	4	AP
2001	2	500749	917046	6.05	8	AP
1999	1	500773	917046	5	0	AP
2000	2	500838	917046	5.9	0	AP
2001	1	500846	917046	5.1	11	AP
2001	2	500854	917046	0	52	RF
2002	1	500854	917046	5.05	8	AP
1999	2	500943	917046	8.05	0	AP
2002	1	501036	917046	6.8	12	AP
2000	1	304180	917046	8.55	0	AP
2000	1	203931	917046	7.15	0	AP
1999	1	204199	917046	6.8	3	AP
1999	1	300177	917048	9.3	8	AP
1999	1	200657	917048	5.1	14	AP
1999	2	200746	917048	6.45	8	AP
2001	1	201777	917048	8.3	2	AP
1998	1	302439	917048	8.1	0	AP
1998	1	302579	917048	8.2	0	AP
1999	2	500110	917048	5.15	4	AP
1998	1	500137	917048	5.2	0	AP
1999	2	500145	917048	7.2	12	AP
1999	1	500145	917048	3.2	4	RM
2000	1	500153	917048	6.6	2	AP
2001	1	500170	917048	8.25	7	AP
1998	1	500188	917048	8.3	0	AP
1998	2	500196	917048	5	0	AP
1998	1	500242	917048	7.2	0	AP
1999	1	203311	917048	5.6	2	AP
2000	1	500285	917048	6.35	6	AP
1999	1	500609	917048	0.2	15	RM
1999	2	500609	917048	6.8	9	AP
2000	1	500617	917048	5.65	8	AP
2000	2	500625	917048	6.2	2	AP
2001	2	500633	917048	6.3	10	AP
2002	1	500692	917048	9.4	0	AP
2000	2	500722	917048	6.1	4	AP
2000	2	500730	917048	7.2	12	AP
2001	1	500749	917048	8	0	AP
2001	2	500757	917048	5.55	8	AP
1998	1	500773	917048	6.5	0	AP
2000	1	500838	917048	6.85	10	AP
2000	2	500846	917048	7.4	7	AP
2001	1	500854	917048	6.55	0	AP
2001	2	500889	917048	8.55	4	AP
1998	2	500943	917048	5.6	0	AP
2001	2	501001	917048	7.25	8	AP
2002	1	501010	917048	9.5	0	AP
2001	2	501036	917048	7.7	9	AP
2002	1	501060	917048	1.05	31	RF
1999	2	304180	917048	8.5	8	AP
1999	2	203931	917048	6.55	7	AP
2000	1	204016	917048	7.6	8	AP
1999	1	204199	917048	7.4	5	AP
2000	2	300177	917051	10	2	AP
1999	2	200657	917051	7.5	2	AP
2000	1	200746	917051	9.3	0	AP
2002	1	201777	917051	8.2	2	AP
1999	1	302439	917051	9.8	2	AP
1999	1	302579	917051	7.5	2	AP
2000	2	500110	917051	8.2	6	AP
1999	1	500137	917051	9	0	AP
1999	2	500145	917051	9	0	AP
2000	1	500153	917051	7.7	0	AP
2001	1	500170	917051	8.4	0	AP
1999	2	500188	917051	9.6	0	AP
2000	1	500196	917051	8.4	2	AP
1999	1	500242	917051	8.2	0	AP
1999	2	203311	917051	10	4	AP
2002	1	500285	917051	7.85	2	AP
1999	2	500609	917051	6.95	3	AP
2000	2	500617	917051	10	0	AP
2001	1	500625	917051	9.25	0	AP
2001	2	500633	917051	9.3	0	AP
2000	2	500722	917051	9.55	0	AP
2001	1	500749	917051	9	0	AP
2001	2	500757	917051	8.9	0	AP
1999	1	500773	917051	7.4	0	AP
2000	1	500838	917051	7.7	0	AP
2000	2	500846	917051	9.5	10	AP
2001	1	500854	917051	9.4	0	AP
2001	2	500889	917051	9.6	0	AP
1999	2	500943	917051	8.85	0	AP
2001	2	501001	917051	9.85	0	AP
2002	1	501010	917051	10	0	AP
2001	2	501036	917051	9.8	0	AP
2002	1	501060	917051	10	1	AP
2002	1	304180	917051	7.4	0	AP
2000	1	203931	917051	7.6	4	AP
2002	1	204016	917051	8.6	1	AP
1999	1	204199	917051	7.8	1	AP
2000	2	300177	917070	7.95	7	AP
1999	2	200657	917070	6.8	12	AP
2000	1	200746	917070	6.8	4	AP
1999	1	302439	917070	8.6	11	AP
1999	1	302579	917070	7.6	7	AP
2000	2	500110	917070	5	16	AP
1999	1	500137	917070	5.4	0	AP
1999	2	500145	917070	5.1	4	AP
2000	1	500153	917070	5.15	7	AP
2001	2	500170	917070	5.65	10	AP
2001	1	500170	917070	0	54	RF
1999	2	500188	917070	7.65	7	AP
2000	1	500196	917070	5.1	0	AP
1999	1	500242	917070	7.1	4	AP
1999	2	203311	917070	6.7	10	AP
2001	2	500285	917070	7.9	16	AP
1999	2	500609	917070	6.2	2	AP
2001	1	500617	917070	5.15	15	AP
2000	2	500617	917070	4.15	12	RM
2002	1	500625	917070	6.45	11	AP
2001	2	500625	917070	0	58	RF
2002	1	500633	917070	1.35	40	RF
2001	2	500722	917070	5.8	13	AP
2001	1	500722	917070	2.25	19	RF
2001	2	500749	917070	6.05	10	AP
2002	1	500757	917070	5.3	18	AP
1999	1	500773	917070	5.8	6	AP
2000	2	500838	917070	7.2	30	AP
2000	1	500838	917070	0.3	3	RM
2001	1	500846	917070	6.75	11	AP
1999	2	500943	917070	7.2	0	AP
2002	1	501001	917070	6.3	17	AP
2002	1	501036	917070	6.95	26	AP
2000	2	304180	917070	6.45	12	AP
2000	1	203931	917070	7.65	4	AP
1999	1	204199	917070	6.6	1	AP
2001	1	300177	917072	6.4	2	AP
2000	1	200657	917072	5.95	13	AP
2000	2	200746	917072	5.15	14	AP
2001	2	201777	917072	8.95	8	AP
1999	1	302439	917072	7.9	7	AP
1999	1	302579	917072	5.6	15	AP
2001	1	500110	917072	6.05	12	AP
1999	2	500137	917072	5.65	4	AP
1999	1	500137	917072	0	12	RM
2000	1	500145	917072	0.75	8	RM
2001	1	500145	917072	5.05	0	AP
2002	1	500153	917072	0	42	RF
2000	1	500188	917072	5.45	7	AP
2000	2	500196	917072	5	2	AP
1999	1	500242	917072	5.9	2	AP
1999	2	203311	917072	5.9	4	AP
2001	2	500285	917072	4.3	9	RM
1999	2	500609	917072	5.1	15	AP
2001	2	500617	917072	5.2	8	AP
2002	1	500625	917072	7.05	3	AP
2001	1	500722	917072	6.05	14	AP
2000	2	500730	917072	6.45	8	AP
2002	1	500749	917072	8	0	AP
1999	2	500773	917072	5.35	8	AP
1999	1	500773	917072	4.3	5	RM
2000	2	500838	917072	7.35	20	AP
2001	1	500846	917072	6.35	10	AP
2002	1	500854	917072	0.6	34	RM
2000	1	500943	917072	8.8	14	AP
1999	2	304180	917072	6.8	4	AP
2000	2	203931	917072	5.05	5	AP
2001	2	204016	917072	6.75	6	AP
1999	1	204199	917072	4.1	5	RM
2001	2	204199	917072	6.4	10	AP
1999	1	300177	917074	8.2	18	AP
1999	1	200657	917074	6.2	17	AP
2000	2	200746	917074	0	72	RF
1999	2	200746	917074	0	53	RF
2000	2	201777	917074	0	56	RF
2001	1	201777	917074	8.65	4	AP
2000	1	201777	917074	0	64	RF
1998	1	302439	917074	8.2	0	AP
1998	1	302579	917074	9.3	0	AP
2001	1	500110	917074	5.15	10	AP
2000	2	500110	917074	0	68	RF
2000	1	500110	917074	0	43	RF
1998	1	500137	917074	6.2	0	AP
2000	1	500145	917074	0	32	RF
1999	1	500145	917074	0	72	RF
1998	1	500188	917074	8.3	0	AP
2002	1	500196	917074	4.5	20	RF
2000	2	500196	917074	0	72	RF
2000	1	500196	917074	0	72	RF
1999	2	500196	917074	0	41	RF
1998	1	500242	917074	6.4	0	AP
1999	1	203311	917074	5.6	16	AP
2001	1	500285	917074	7.25	5	AP
2001	2	500609	917074	6.5	0	AP
2000	2	500609	917074	0	58	RF
1999	2	500609	917074	0	72	RF
1999	1	500609	917074	0	67	RF
2001	1	500617	917074	5.65	8	AP
2002	1	500625	917074	0	50	RF
2001	2	500625	917074	4.35	6	RM
2001	2	500730	917074	8.85	8	AP
1998	1	500773	917074	6.7	0	AP
2002	1	500838	917074	2.4	56	RF
1998	2	500943	917074	5.4	0	AP
2001	2	501001	917074	6.1	10	AP
2001	1	304180	917074	8.5	4	AP
2000	2	304180	917074	0	72	RF
2000	1	304180	917074	0	58	RF
2001	2	203931	917074	7.2	4	AP
2000	1	203931	917074	0	64	RF
1999	2	203931	917074	1.5	51	RF
2001	1	204016	917074	8.2	8	AP
2001	2	204199	917074	6.55	6	AP
1999	1	204199	917074	0	47	RF
2000	2	300177	917075	8.25	7	AP
1999	2	200657	917075	6.8	8	AP
2000	1	200746	917075	7.7	3	AP
1999	1	302439	917075	8.3	0	AP
1999	1	302579	917075	7	4	AP
2000	2	500110	917075	5.35	16	AP
1999	1	500137	917075	6.7	2	AP
1999	2	500145	917075	5.25	0	AP
2000	1	500153	917075	5.75	2	AP
2001	1	500170	917075	0.75	32	RF
2001	2	500170	917075	6.1	4	AP
1999	2	500188	917075	6.3	5	AP
2000	1	500196	917075	5.1	2	AP
1999	1	500242	917075	7.7	2	AP
1999	2	203311	917075	7.9	8	AP
2002	1	500285	917075	6.45	6	AP
1999	2	500609	917075	5.1	0	AP
2000	2	500617	917075	5.1	4	AP
2001	1	500625	917075	5.35	3	AP
2001	2	500633	917075	5.7	16	AP
2001	1	500722	917075	5.1	15	AP
2001	2	500749	917075	7.7	0	AP
1999	1	500773	917075	5.1	10	AP
2000	2	500838	917075	6.8	20	AP
2000	1	500838	917075	0.3	50	RF
2001	1	500846	917075	6.05	7	AP
2002	1	500854	917075	5.5	8	AP
2001	2	500854	917075	0.9	42	RF
1999	2	500943	917075	8.45	2	AP
2002	1	501001	917075	7.35	8	AP
2002	1	501036	917075	6.7	21	AP
2000	2	304180	917075	7.2	12	AP
2000	1	203931	917075	6	9	AP
1999	1	204199	917075	6.7	1	AP
2000	2	300177	917076	8.25	8	AP
1999	2	200657	917076	7.65	13	AP
2000	1	200746	917076	7.9	3	AP
1999	1	302439	917076	8.2	14	AP
1999	1	302579	917076	7.3	6	AP
2001	1	500110	917076	7.15	11	AP
2000	2	500110	917076	1.65	28	RF
1999	1	500137	917076	7.2	2	AP
1999	2	500145	917076	6	0	AP
2000	1	500153	917076	5	0	AP
2001	2	500170	917076	6.55	10	AP
1999	2	500188	917076	8.25	4	AP
2000	1	500196	917076	9.4	2	AP
1999	1	500242	917076	8.1	4	AP
1999	2	203311	917076	9.2	8	AP
2002	1	500285	917076	8.5	14	AP
1999	2	500609	917076	8.9	8	AP
2000	2	500617	917076	5.6	12	AP
2001	1	500625	917076	5.9	16	AP
2001	2	500633	917076	5.45	20	AP
2001	1	500722	917076	6.95	16	AP
2001	2	500749	917076	8	0	AP
1999	1	500773	917076	6.2	6	AP
2000	2	500838	917076	7.15	22	AP
2000	1	500838	917076	2.7	16	RM
2001	1	500846	917076	5.65	12	AP
2001	2	500854	917076	1.05	34	RM
2002	1	500854	917076	5.4	30	AP
1999	2	500943	917076	5.6	4	AP
2002	1	501001	917076	7.3	16	AP
2002	1	501036	917076	7.1	24	AP
2000	2	304180	917076	7.35	10	AP
2000	1	203931	917076	6.65	7	AP
1999	1	204199	917076	6	5	AP
2000	2	300177	917077	8.85	12	AP
1999	2	200657	917077	5.6	15	AP
2000	1	200746	917077	5	15	AP
2001	2	201777	917077	8.35	8	AP
1999	1	302439	917077	8.1	7	AP
1999	1	302579	917077	6.6	14	AP
2001	1	500110	917077	5.2	12	AP
2000	2	500110	917077	3.8	16	RM
2000	1	500137	917077	5.2	6	AP
1999	1	500137	917077	2.2	20	RF
2000	2	500145	917077	5	8	AP
2002	1	500153	917077	6.45	0	AP
2002	1	500170	917077	0	44	RF
1999	2	500188	917077	6.05	12	AP
2000	1	500196	917077	5.1	6	AP
1999	1	500242	917077	7.2	6	AP
1999	2	203311	917077	5.15	11	AP
1999	2	500609	917077	5.25	3	AP
2001	1	500617	917077	5.35	14	AP
2000	2	500617	917077	1.95	10	RM
2001	2	500625	917077	1.95	26	RF
2002	1	500633	917077	0.6	6	RM
2001	2	500722	917077	6.5	17	AP
2001	1	500722	917077	3.15	17	RM
2001	2	500749	917077	0	74	RF
1999	1	500773	917077	5.2	18	AP
2000	2	500838	917077	5	24	AP
2000	1	500838	917077	0.6	44	RF
2001	1	500846	917077	6.35	13	AP
1999	2	500943	917077	6.95	6	AP
2002	1	501001	917077	1.05	25	RF
1999	2	304180	917077	1.05	26	RF
2000	1	203931	917077	5.15	12	AP
2002	1	204016	917077	6.15	13	AP
1999	1	204199	917077	6.4	10	AP
1999	1	300177	917078	7.4	12	AP
1999	1	200657	917078	5.3	11	AP
1998	1	200746	917078	6.4	0	AP
2000	1	201777	917078	6.9	13	AP
1997	2	302439	917078	6.7	0	AP
1997	2	302579	917078	7.4	0	AP
2001	1	500110	917078	5.65	12	AP
2000	2	500110	917078	1.35	14	RM
1999	2	500110	917078	0	50	RF
1997	2	500137	917078	5.2	0	AP
1999	1	500145	917078	6.2	0	AP
2000	2	500153	917078	5.5	10	AP
2000	1	500153	917078	0	48	RF
1999	2	500153	917078	0.6	36	RF
1997	2	500188	917078	6.3	0	AP
1998	1	500196	917078	5.4	0	AP
1997	2	500242	917078	5.1	0	AP
1999	1	203311	917078	5.1	15	AP
2001	2	500285	917078	6.15	12	AP
1999	2	500609	917078	7.65	16	AP
1999	1	500609	917078	3.6	8	RM
2001	1	500617	917078	5.2	1	AP
2000	1	500617	917078	2.85	14	RM
1999	2	500617	917078	0.6	36	RF
2001	2	500625	917078	5.9	5	AP
2002	1	500633	917078	2.4	22	RM
2001	1	500722	917078	5.45	7	AP
2000	2	500730	917078	6.6	10	AP
2001	2	500749	917078	6.7	6	AP
2002	1	500757	917078	5.55	12	AP
1997	2	500773	917078	5.5	0	AP
2000	2	500838	917078	6.85	18	AP
2000	1	500838	917078	3.05	48	RF
2001	1	500846	917078	4.4	11	RM
2001	2	500854	917078	5.1	26	AP
2002	1	500889	917078	4.5	4	RM
1998	1	500943	917078	5.4	0	AP
2002	1	501001	917078	6.6	7	AP
2002	1	501036	917078	5.6	10	AP
1998	1	304180	917078	7.9	0	AP
2000	1	203931	917078	6.05	17	AP
1999	2	203931	917078	2.55	16	RM
2000	2	204016	917078	7.4	11	AP
1999	1	204199	917078	1.4	35	RF
1999	2	300177	918436	6.25	16	AP
2000	1	200657	918436	6.15	15	AP
1998	1	200746	918436	7.7	10	AP
2000	1	201777	918436	8.25	14	AP
1997	1	302439	918436	7.6	8	AP
1997	1	302579	918436	7.5	2	AP
1998	1	500110	918436	6.5	6	AP
1997	1	500137	918436	5.5	4	AP
1997	2	500145	918436	6	10	AP
1998	1	500153	918436	6.7	6	AP
2001	1	500170	918436	6.5	0	AP
1997	1	500188	918436	8.2	7	AP
1997	2	500196	918436	5.1	11	AP
1997	2	500242	918436	5.2	10	AP
1999	2	203311	918436	6.4	12	AP
2000	2	500285	918436	7.75	8	AP
1998	1	500609	918436	6.6	10	AP
1999	1	500617	918436	5.3	9	AP
2000	1	500625	918436	6.3	8	AP
1999	2	500625	918436	1.95	28	RF
2001	2	500633	918436	5.35	8	AP
2001	1	500722	918436	6.2	12	AP
2000	2	500730	918436	7.95	16	AP
2001	1	500749	918436	8.25	4	AP
2001	2	500757	918436	5.15	14	AP
1997	1	500773	918436	6.7	13	AP
2000	2	500838	918436	6.25	20	AP
2002	1	500846	918436	8.9	6	AP
2001	2	500854	918436	5.6	17	AP
2002	1	500889	918436	6.3	14	AP
1997	2	500943	918436	7.7	8	AP
2000	2	501001	918436	5.5	8	AP
2002	1	501010	918436	9.5	0	AP
2001	2	501036	918436	7.6	12	AP
2000	1	304180	918436	9	14	AP
1999	2	203931	918436	6.15	12	AP
2000	1	204016	918436	7.8	18	AP
1999	2	204199	918436	5.7	8	AP
1999	2	300177	918440	7.5	15	AP
2000	1	200657	918440	7.65	13	AP
1997	2	200746	918440	6.2	9	AP
2000	1	201777	918440	7.45	10	AP
1997	1	302439	918440	7.2	11	AP
1997	1	302579	918440	6.8	2	AP
1998	1	500110	918440	6.7	14	AP
1997	2	500137	918440	6	8	AP
1999	1	500145	918440	5.4	18	AP
2000	2	500153	918440	5.4	12	AP
2000	1	500153	918440	0	40	RF
1999	2	500153	918440	0	62	RF
2001	1	500170	918440	8.55	4	AP
1997	1	500188	918440	5.1	10	AP
1998	1	500196	918440	5.6	11	AP
1997	2	500242	918440	5.1	11	AP
1999	2	203311	918440	6.2	18	AP
2000	2	500285	918440	5.45	12	AP
1998	1	500609	918440	6.1	13	AP
1999	2	500617	918440	6.1	18	AP
2000	1	500625	918440	6.15	4	AP
2001	2	500633	918440	5.3	0	AP
2001	1	500722	918440	6.05	8	AP
2001	1	500730	918440	8.8	14	AP
2001	1	500749	918440	7.9	4	AP
2001	2	500757	918440	5.3	18	AP
1997	1	500773	918440	6.5	17	AP
2000	2	500838	918440	5	28	AP
2002	1	500846	918440	8.9	6	AP
2001	2	500854	918440	5.05	20	AP
2002	1	500889	918440	6	6	AP
1997	2	500943	918440	8.9	4	AP
2001	1	501001	918440	6	12	AP
2000	2	501001	918440	4.3	8	RM
2002	1	501010	918440	9.5	0	AP
2001	2	501036	918440	7.2	15	AP
1997	2	304180	918440	7.5	7	AP
1999	2	203931	918440	7.5	14	AP
2000	1	204016	918440	6.35	16	AP
1999	2	204199	918440	5.25	9	AP
2000	1	200657	918454	6.45	10	AP
2000	2	200746	918454	5.5	6	AP
1997	1	302439	918454	7.3	8	AP
1997	1	302579	918454	5.4	16	AP
2001	1	500110	918454	6.15	6	AP
1999	2	500137	918454	5.05	4	AP
2000	1	500145	918454	5.2	0	AP
2000	2	500153	918454	5.8	6	AP
2001	2	500170	918454	6.3	6	AP
1999	2	500188	918454	5.65	6	AP
2000	1	500196	918454	5.55	8	AP
1997	1	500242	918454	6.4	7	AP
1997	2	203311	918454	6.4	11	AP
2002	1	500285	918454	6.45	6	AP
2000	1	500609	918454	5.15	1	AP
2001	1	500617	918454	5.15	2	AP
2001	2	500625	918454	5.9	3	AP
2002	1	500633	918454	5.15	0	AP
2001	1	500722	918454	6.15	4	AP
2001	2	500749	918454	7.65	0	AP
2002	1	500757	918454	5.4	6	AP
1999	2	500773	918454	8.2	9	AP
2000	2	500838	918454	5.05	5	AP
2001	1	500846	918454	4.5	9	RM
2001	2	500854	918454	3.3	42	RF
2000	1	500943	918454	9.1	0	AP
2002	1	501001	918454	7.15	12	AP
2002	1	501036	918454	5.05	8	AP
2000	2	304180	918454	6.8	16	AP
2000	2	203931	918454	5.7	8	AP
1999	2	204199	918454	5.85	2	AP
1999	2	300177	918460	6.45	7	AP
1999	2	200657	918460	6.9	8	AP
1998	1	200746	918460	5.9	0	AP
1999	1	201777	918460	6.1	0	AP
1997	1	302439	918460	6.8	0	AP
1997	1	302579	918460	6.5	0	AP
2001	1	500110	918460	6.5	17	AP
2000	1	500110	918460	3.2	10	RM
1997	1	500137	918460	5.1	0	AP
1997	2	500145	918460	5.2	0	AP
2001	1	500153	918460	2.9	0	RM
2000	1	500153	918460	0.3	4	RM
2001	2	500170	918460	5.8	8	AP
1997	1	500188	918460	5.4	0	AP
1997	2	500196	918460	5.5	0	AP
1997	1	500242	918460	5.4	0	AP
2000	1	203311	918460	6.9	16	AP
2002	1	500285	918460	8.45	14	AP
1997	2	500609	918460	5.1	0	AP
1999	2	500617	918460	5.6	6	AP
2001	1	500625	918460	5.95	8	AP
2001	1	500633	918460	5.35	10	AP
1999	2	500722	918460	5.35	8	AP
2000	2	500730	918460	7.2	12	AP
2000	2	500749	918460	7.7	8	AP
2001	2	500757	918460	5	10	AP
1997	1	500773	918460	6.7	0	AP
1998	1	500838	918460	5.7	0	AP
2000	1	500846	918460	8	12	AP
2000	2	500854	918460	8.1	8	AP
2002	1	500889	918460	9.1	2	AP
1997	2	500943	918460	8.6	0	AP
2001	2	501001	918460	6.65	9	AP
2002	1	501010	918460	7	0	AP
2001	2	501036	918460	7.3	15	AP
2002	1	501060	918460	7.6	8	AP
1998	2	304180	918460	8.5	0	AP
2000	2	203931	918460	5.3	10	AP
2001	1	204016	918460	7.55	10	AP
1999	1	204199	918460	6.9	0	AP
1999	2	300177	918419	6.6	6	AP
1999	2	200657	918419	6.4	10	AP
2000	1	200746	918419	6.3	8	AP
1999	1	201777	918419	5.9	11	AP
1998	1	302439	918419	8.1	1	AP
1998	1	302579	918419	8.2	0	AP
2000	1	500110	918419	5.1	8	AP
1998	1	500137	918419	5.1	0	AP
1999	1	500145	918419	7.1	0	AP
1999	2	500153	918419	5.45	7	AP
2001	1	500170	918419	3.85	8	RM
1998	1	500188	918419	5.9	0	AP
1998	2	500196	918419	5.1	4	AP
1998	1	500242	918419	6.8	2	AP
2000	1	203311	918419	8.2	1	AP
2000	2	500285	918419	4.25	8	RM
2001	1	500285	918419	6.25	9	AP
1999	2	500609	918419	5.35	4	AP
2000	2	500617	918419	5.15	2	AP
2001	2	500625	918419	6.25	4	AP
2001	2	500633	918419	3.55	11	RM
2002	1	500633	918419	4.7	10	RM
2001	1	500722	918419	5.05	15	AP
2000	2	500730	918419	7.4	6	AP
2001	2	500749	918419	6.35	6	AP
1998	1	500773	918419	5.8	0	AP
2000	1	500838	918419	0.6	26	RM
2000	2	500838	918419	5.9	10	AP
2001	1	500846	918419	3.9	10	RM
2001	2	500854	918419	4.2	4	RM
2002	1	500854	918419	5.1	28	AP
1999	1	500943	918419	5.9	4	AP
2002	1	501001	918419	6.55	12	AP
2002	1	501036	918419	5.2	22	AP
1999	1	304180	918419	7.9	6	AP
1999	2	203931	918419	5	6	AP
2000	1	204016	918419	5.75	8	AP
1999	2	204199	918419	5.2	3	AP
2000	2	300177	918421	7.8	12	AP
1999	2	200657	918421	0	60	RF
2002	1	200657	918421	7.45	13	AP
1999	1	200746	918421	5.3	12	AP
1999	1	201777	918421	5.8	7	AP
1997	2	302439	918421	6.6	7	AP
1997	2	302579	918421	6.1	7	AP
1998	2	500110	918421	6.2	7	AP
1997	2	500137	918421	5.2	8	AP
1999	1	500145	918421	5.3	10	AP
2000	1	500153	918421	5.2	6	AP
1999	2	500153	918421	0	50	RF
2001	1	500170	918421	7.5	12	AP
1997	2	500188	918421	7.3	10	AP
1998	1	500196	918421	5.5	10	AP
1997	2	500242	918421	5.2	8	AP
2000	2	203311	918421	7.5	10	AP
2000	1	500285	918421	1.5	28	RF
1999	2	500609	918421	5	7	AP
2000	1	500617	918421	5.2	14	AP
2000	2	500625	918421	5.3	15	AP
2001	2	500633	918421	6.1	4	AP
2001	1	500722	918421	7.15	16	AP
2001	2	500730	918421	5	8	AP
2001	2	500749	918421	5.75	2	AP
1997	2	500773	918421	5.7	0	AP
2000	1	500838	918421	2.5	24	RM
2000	2	500838	918421	6.35	24	AP
2001	1	500846	918421	5.75	5	AP
2001	2	500854	918421	5.15	0	AP
1998	1	500943	918421	6.4	18	AP
2001	1	501001	918421	6.4	8	AP
2002	1	501010	918421	9.5	0	AP
2002	1	501036	918421	6.45	18	AP
2002	1	501060	918421	1.05	32	RF
1998	2	304180	918421	6	17	AP
1999	2	203931	918421	2.2	14	RM
2000	1	203931	918421	7.7	8	AP
2000	2	204016	918421	0	42	RF
1999	2	204199	918421	5.65	8	AP
2000	2	300177	918423	10	2	AP
1978	1	200657	918423	7	0	AP
2000	1	200746	918423	7.6	7	AP
2001	2	201777	918423	6	0	AP
1999	1	302439	918423	8.6	17	AP
1981	1	302579	918423	6.5	0	AP
1999	2	500110	918423	0	56	RF
2000	2	500110	918423	6.35	8	AP
1978	2	500137	918423	7.5	0	AP
1999	2	500145	918423	6	0	AP
2000	1	500153	918423	6.1	0	AP
2001	1	500170	918423	7.1	4	AP
1978	2	500188	918423	9	0	AP
1979	2	500196	918423	9	0	AP
1999	1	500242	918423	7.7	8	AP
1979	1	203311	918423	9	0	AP
2002	1	500285	918423	7.85	6	AP
1999	2	500609	918423	9.1	12	AP
2000	2	500617	918423	7.3	2	AP
2001	1	500625	918423	7.45	2	AP
2001	2	500633	918423	7.6	8	AP
2002	1	500692	918423	7.6	0	AP
2000	2	500722	918423	7.5	2	AP
2001	1	500749	918423	9.25	0	AP
2001	2	500757	918423	8.5	4	AP
1999	1	500773	918423	6.5	13	AP
2000	1	500838	918423	8.5	6	AP
2000	2	500846	918423	9.35	13	AP
2001	1	500854	918423	7.7	0	AP
2001	2	500889	918423	9.15	8	AP
1999	2	500943	918423	9.05	0	AP
2001	2	501001	918423	8.9	0	AP
2002	1	501010	918423	10	0	AP
2001	2	501036	918423	8.85	6	AP
2002	1	501060	918423	10	13	AP
2001	2	304180	918423	6	0	AP
1999	2	304180	918423	0	68	RF
1978	2	203931	918423	7.5	0	AP
2001	2	204016	918423	6.5	0	AP
1978	1	204199	918423	5	0	AP
1999	2	300177	918431	7.95	5	AP
1999	2	200657	918431	7.15	13	AP
2000	1	200746	918431	8.6	5	AP
2000	1	201777	918431	7.55	1	AP
1998	2	302439	918431	7.7	2	AP
1998	2	302579	918431	7.7	2	AP
2000	2	500110	918431	5.15	4	AP
1998	2	500137	918431	6	2	AP
1999	1	500145	918431	5.2	2	AP
1999	2	500153	918431	6.35	8	AP
2002	1	500170	918431	6.15	4	AP
2001	2	500170	918431	0	36	RF
1998	2	500188	918431	6.6	0	AP
1999	1	500196	918431	7.5	4	AP
1998	2	500242	918431	5.7	0	AP
2000	1	203311	918431	8.05	2	AP
2001	2	500285	918431	6.95	14	AP
1999	2	500609	918431	5.1	10	AP
2000	2	500617	918431	7.4	12	AP
2001	1	500625	918431	6.05	6	AP
2002	1	500633	918431	6.3	10	AP
2001	2	500633	918431	2.85	14	RM
2001	1	500722	918431	5.55	13	AP
2000	2	500730	918431	7.35	16	AP
2001	2	500749	918431	7.85	0	AP
1998	2	500773	918431	7.5	6	AP
2000	2	500838	918431	9	20	AP
2000	1	500838	918431	1.2	26	RM
2001	1	500846	918431	5.1	5	AP
2002	1	500854	918431	0.6	62	RF
1999	1	500943	918431	6	0	AP
2001	2	501001	918431	6.05	14	AP
2002	1	501036	918431	6.85	18	AP
2001	1	304180	918431	6.15	8	AP
1999	2	203931	918431	7.4	6	AP
2000	1	204016	918431	6.05	8	AP
1999	2	204199	918431	5.45	3	AP
2000	1	300177	918435	6.35	9	AP
1999	2	200657	918435	6.05	8	AP
1998	2	200746	918435	6.3	4	AP
2000	1	201777	918435	7.35	8	AP
1997	2	302439	918435	6.7	8	AP
1997	2	302579	918435	7	0	AP
2000	1	500110	918435	5.3	10	AP
1997	2	500137	918435	5.5	0	AP
1998	2	500145	918435	5.1	6	AP
2000	2	500153	918435	5	2	AP
2002	1	500170	918435	7.35	2	AP
2001	1	500170	918435	0.75	18	RM
1997	2	500188	918435	5.9	1	AP
1998	1	500196	918435	5.7	17	AP
1997	2	500242	918435	5	0	AP
1999	2	203311	918435	5.2	11	AP
2002	1	500285	918435	8.85	6	AP
1999	1	500609	918435	5.8	3	AP
1999	2	500617	918435	5.55	8	AP
2001	1	500625	918435	5.5	0	AP
2001	2	500633	918435	5.1	0	AP
2000	2	500722	918435	5.1	2	AP
2000	2	500730	918435	7.5	4	AP
2001	1	500749	918435	7.3	0	AP
1997	2	500773	918435	5.8	5	AP
2000	1	500838	918435	5.85	4	AP
1999	2	500838	918435	1.5	24	RM
2000	2	500846	918435	5	12	AP
2001	2	500854	918435	5.85	1	AP
2001	1	500854	918435	4.15	0	RM
2002	1	500889	918435	6.8	0	AP
1998	1	500943	918435	7.6	0	AP
2001	2	501001	918435	7.35	0	AP
2002	1	501010	918435	7	0	AP
2001	2	501036	918435	6.75	4	AP
2002	1	501060	918435	6.3	3	AP
1998	2	304180	918435	7.1	8	AP
1999	2	203931	918435	5.05	5	AP
2000	1	204016	918435	5.1	7	AP
2002	1	204199	918435	8.65	6	AP
2000	1	300177	918447	8.25	6	AP
1999	2	200657	918447	7.6	6	AP
1998	2	200746	918447	6.2	5	AP
1999	1	201777	918447	6.4	9	AP
1997	2	302439	918447	7	4	AP
1997	2	302579	918447	7.9	0	AP
2000	2	500110	918447	0.15	40	RF
2000	1	500110	918447	0.45	20	RF
1997	2	500137	918447	5.1	0	AP
1999	1	500145	918447	5.1	2	AP
2001	1	500170	918447	0	48	RF
1997	2	500188	918447	5.8	2	AP
1998	1	500196	918447	5	2	AP
1997	2	500242	918447	5.1	0	AP
1999	2	203311	918447	5.1	10	AP
1999	1	500609	918447	6.5	2	AP
1999	2	500617	918447	6.05	2	AP
2000	2	500625	918447	5.15	4	AP
2001	1	500633	918447	4.25	6	RM
2000	2	500722	918447	5	2	AP
2000	1	500722	918447	1.15	0	RM
2000	2	500730	918447	6.65	9	AP
2001	1	500749	918447	7.7	0	AP
1997	2	500773	918447	6.2	1	AP
1999	2	500838	918447	6.35	4	AP
2000	1	500846	918447	5.9	2	AP
2001	1	500854	918447	0	92	RF
1998	1	500943	918447	7.8	4	AP
1998	2	304180	918447	7.7	6	AP
1999	2	203931	918447	5.25	5	AP
2000	2	204199	918447	6.25	8	AP
2001	1	300177	918425	6.8	2	AP
2000	1	200657	918425	6.6	9	AP
2000	2	200746	918425	7.1	9	AP
1999	2	302439	918425	7.45	10	AP
1999	2	302579	918425	7.85	0	AP
2001	1	500110	918425	7.05	8	AP
1999	2	500137	918425	5	6	AP
2000	1	500145	918425	5.2	0	AP
2000	2	500153	918425	5.8	6	AP
2001	2	500170	918425	7.15	0	AP
2000	1	500188	918425	7.8	4	AP
2000	2	500196	918425	6	0	AP
1999	2	500242	918425	7.05	2	AP
2000	1	203311	918425	6.7	3	AP
2000	1	500609	918425	8.5	2	AP
2001	1	500617	918425	6.6	7	AP
2001	2	500625	918425	6.9	3	AP
2002	1	500633	918425	6.5	0	AP
2001	1	500722	918425	6.5	4	AP
2001	2	500749	918425	9.45	0	AP
2002	1	500757	918425	8.15	8	AP
1999	2	500773	918425	5.95	0	AP
2000	2	500838	918425	6.75	16	AP
2001	1	500846	918425	8.05	8	AP
2001	2	500854	918425	5	4	AP
2002	1	500889	918425	8.5	2	AP
2000	1	500943	918425	10	0	AP
2002	1	501001	918425	7.75	12	AP
2002	1	501036	918425	7.2	10	AP
2000	2	203931	918425	7.15	4	AP
1999	2	204199	918425	7.35	4	AP
2001	1	300177	918434	6.1	6	AP
2000	1	200657	918434	6.5	12	AP
2000	2	200746	918434	5.6	17	AP
2002	1	201777	918434	6.2	1	AP
1999	2	302439	918434	9.05	11	AP
1999	2	302579	918434	5.9	8	AP
2002	1	500110	918434	0	60	RF
2001	2	500110	918434	0	36	RF
1999	2	500137	918434	5.05	0	AP
2001	1	500145	918434	6.1	0	AP
2000	2	500145	918434	1.05	32	RF
2000	1	500145	918434	3.5	10	RM
2002	1	500153	918434	7.7	0	AP
2001	2	500153	918434	0	52	RF
2000	1	500188	918434	5.3	7	AP
2000	2	500196	918434	5	4	AP
1999	2	500242	918434	5.8	6	AP
2000	1	203311	918434	5.6	2	AP
2000	1	500609	918434	8.3	6	AP
2001	1	500617	918434	2.4	35	RF
2001	2	500617	918434	5.05	17	AP
2002	1	500633	918434	6.1	0	AP
2001	1	500722	918434	5.1	15	AP
1999	2	500773	918434	7	7	AP
2000	2	500838	918434	5	23	AP
2001	2	500846	918434	6.6	10	AP
2001	1	500846	918434	4.15	8	RM
2000	1	500943	918434	9.5	0	AP
2000	2	203931	918434	6.8	6	AP
2002	1	204016	918434	7.5	14	AP
1999	2	204199	918434	5.4	5	AP
1999	2	300177	918439	9.1	17	AP
1991	2	200657	918439	7.4	0	AP
1996	2	200746	918439	7	16	AP
1993	1	201777	918439	5.8	0	AP
1999	2	302439	918439	9.45	7	AP
1991	1	302579	918439	8.2	2	AP
2000	1	500110	918439	0	72	RF
1999	2	500110	918439	0	60	RF
1992	1	500137	918439	6.2	0	AP
2001	1	500145	918439	6.25	6	AP
2000	1	500145	918439	0.3	16	RM
2002	1	500153	918439	7.15	0	AP
2001	1	500170	918439	7.85	4	AP
1992	2	500188	918439	5.6	9	AP
1993	1	500196	918439	5.9	13	AP
1999	2	500242	918439	5.1	4	AP
1992	2	203311	918439	5	10	AP
1991	2	500285	918439	5	6	AP
2000	1	500609	918439	7.75	6	AP
1999	2	500617	918439	5.9	18	AP
2000	2	500625	918439	5.95	15	AP
2000	1	500625	918439	0.9	39	RF
2002	1	500633	918439	5.9	24	AP
2001	1	500722	918439	6.25	18	AP
2000	2	500730	918439	6.6	18	AP
1994	1	500773	918439	7	0	AP
2000	2	500838	918439	9.55	31	AP
2001	1	500846	918439	5.05	27	AP
2002	1	500854	918439	0	72	RF
1999	2	500943	918439	6	12	AP
1991	1	304180	918439	5	0	AP
1993	1	203931	918439	5.1	7	AP
1994	2	204016	918439	5.3	4	AP
1991	1	204199	918439	5.5	0	AP
2001	1	300177	918442	6	4	AP
2000	1	200657	918442	6.45	14	AP
2000	2	200746	918442	6.05	13	AP
2001	2	201777	918442	9.1	6	AP
1999	2	302439	918442	6.5	12	AP
1999	2	302579	918442	7.55	11	AP
2001	1	500110	918442	5.85	6	AP
1999	2	500137	918442	5.15	4	AP
2000	1	500145	918442	5.2	0	AP
2000	2	500153	918442	5.65	4	AP
2000	1	500188	918442	6.65	4	AP
2000	2	500196	918442	5.05	4	AP
1999	2	500242	918442	6.8	10	AP
2000	1	203311	918442	7.15	11	AP
2000	1	500609	918442	5	2	AP
2001	1	500617	918442	5	5	AP
2001	2	500625	918442	1.05	22	RF
2002	1	500633	918442	5.05	16	AP
2001	2	500722	918442	7.25	16	AP
2001	2	500749	918442	6.85	6	AP
1999	2	500773	918442	6.7	4	AP
2001	1	500838	918442	6.05	12	AP
2000	2	500838	918442	2.1	56	RF
2002	1	500854	918442	0.9	36	RM
2000	1	500943	918442	8.9	8	AP
2001	2	501001	918442	5.3	16	AP
2002	1	501036	918442	6.2	10	AP
2001	1	304180	918442	5.1	11	AP
2000	2	203931	918442	5.35	9	AP
2002	1	204016	918442	6.1	4	AP
1999	2	204199	918442	6.2	5	AP
2001	1	300177	918470	6.25	2	AP
2000	1	200657	918470	6.85	13	AP
2000	2	200746	918470	6.55	12	AP
1999	2	302439	918470	6.55	1	AP
1999	2	302579	918470	7.6	2	AP
2001	1	500110	918470	6	12	AP
1999	2	500137	918470	5.75	0	AP
2000	1	500145	918470	5.35	2	AP
2000	2	500153	918470	6.5	6	AP
2001	2	500170	918470	6.7	4	AP
2000	1	500188	918470	6.8	8	AP
2000	2	500196	918470	6.3	0	AP
1999	2	500242	918470	6.2	8	AP
2000	1	203311	918470	5.05	3	AP
2000	1	500609	918470	9.1	4	AP
2001	1	500617	918470	6	9	AP
2001	2	500625	918470	6.5	3	AP
2002	1	500633	918470	6.05	0	AP
2001	1	500722	918470	7.2	14	AP
2001	2	500749	918470	7.65	4	AP
2002	1	500757	918470	7.45	8	AP
1999	2	500773	918470	7.9	5	AP
2000	2	500838	918470	6.75	23	AP
2001	1	500846	918470	7.4	11	AP
2001	2	500854	918470	5.05	2	AP
2002	1	500889	918470	7.95	5	AP
2000	1	500943	918470	9.05	0	AP
2002	1	501001	918470	8.45	10	AP
2002	1	501036	918470	6.75	10	AP
2000	2	203931	918470	5.3	0	AP
1999	2	204199	918470	7.1	4	AP
2001	2	500110	926963	5.55	3	AP
2001	1	500234	926963	6.3	6	AP
2000	2	500242	926963	5.5	8	AP
2001	2	500730	926963	6.1	8	AP
2002	1	501249	926963	6.25	2	AP
2000	2	306426	926963	7.6	6	AP
2000	2	501796	926963	6.65	10	AP
2000	2	501800	926963	9.8	3	AP
2000	2	501818	926963	8	4	AP
2001	1	501826	926963	5.05	4	AP
2001	1	501834	926963	6.4	8	AP
2001	1	501842	926963	4.5	8	RM
2001	2	501842	926963	5.8	6	AP
2001	1	501850	926963	5.05	4	AP
2001	2	501869	926963	5.15	4	AP
2002	1	501877	926963	5.55	0	AP
2002	1	501885	926963	7.8	0	AP
2001	2	501893	926963	7.25	6	AP
2002	1	501907	926963	5.15	8	AP
2002	1	501915	926963	5.4	0	AP
2002	1	501974	926963	5.7	2	AP
2001	1	500110	927112	0	47	RF
2002	1	500110	927112	0	60	RF
2001	2	500110	927112	0	42	RF
2001	1	500234	927112	3.3	22	RF
2002	1	500234	927112	0	52	RF
2000	2	500242	927112	2.95	24	RF
2001	2	501176	927112	0	56	RF
2000	2	306426	927112	5.35	16	AP
2000	2	501796	927112	5.15	20	AP
2001	2	501800	927112	0	66	RF
2000	2	501800	927112	0.9	39	RF
2000	2	501818	927112	0.3	43	RF
2001	1	501818	927112	5.2	24	AP
2001	2	501834	927112	0	58	RF
2002	1	501834	927112	0	70	RF
2002	1	501842	927112	0	92	RF
2001	2	501850	927112	0	54	RF
2002	1	501850	927112	0	28	RF
2002	1	501974	927112	0	36	RF
2001	2	500110	927407	5	4	AP
2002	1	500170	927407	6.95	0	AP
2001	1	500234	927407	5.4	0	AP
2000	2	500242	927407	7.9	6	AP
2002	1	500617	927407	6.9	0	AP
2002	1	500730	927407	5.55	12	AP
2001	2	501249	927407	7.8	0	AP
2000	2	306426	927407	8.1	6	AP
2000	2	501796	927407	7.25	0	AP
2000	2	501800	927407	9.5	1	AP
2000	2	501818	927407	7.9	0	AP
2001	1	501826	927407	7	4	AP
2001	1	501834	927407	5.6	0	AP
2001	1	501842	927407	5.85	0	AP
2001	1	501850	927407	5.75	0	AP
2001	2	501869	927407	1.05	38	RF
2002	1	501869	927407	5.55	0	AP
2001	2	501877	927407	8.3	0	AP
2001	2	501885	927407	7	0	AP
2001	2	501893	927407	7.45	2	AP
2002	1	501974	927407	6.75	4	AP
2002	1	205195	927407	6.25	0	AP
2001	2	500110	929066	4.65	8	RM
2002	1	500110	929066	6.3	18	AP
2002	1	500170	929066	5.45	12	AP
2001	1	500234	929066	3.5	8	RM
2000	2	500242	929066	8.6	8	AP
2001	2	501249	929066	6.65	4	AP
2000	2	306426	929066	7.55	18	AP
2000	2	501796	929066	6.2	26	AP
2000	2	501800	929066	7.3	16	AP
2000	2	501818	929066	5.05	18	AP
2001	1	501826	929066	1.8	14	RM
2001	2	501826	929066	5.6	14	AP
2001	1	501834	929066	5	6	AP
2001	1	501842	929066	5.05	13	AP
2001	1	501850	929066	6.75	4	AP
2002	1	501869	929066	0	56	RF
2001	2	501877	929066	7.85	4	AP
2001	2	501893	929066	5.05	8	AP
2002	1	501931	929066	0.45	32	RF
2002	1	501958	929066	0.3	28	RF
2001	2	501974	929066	5.15	8	AP
2001	1	500110	929254	0.3	40	RF
2001	2	500110	929254	5.35	16	AP
2001	1	500234	929254	5.1	2	AP
2001	1	500242	929254	5.9	12	AP
2000	2	500242	929254	3.85	8	RM
2002	1	500617	929254	2.8	4	RM
2000	2	306426	929254	6.9	5	AP
2000	2	501796	929254	6.15	8	AP
2001	1	501800	929254	8.7	0	AP
2000	2	501800	929254	4.2	0	RM
2000	2	501818	929254	1.35	19	RM
2001	2	501818	929254	5.4	4	AP
2001	2	501826	929254	5	0	AP
2001	1	501834	929254	5.55	2	AP
2002	1	501842	929254	5.1	18	AP
2002	1	501850	929254	0.7	2	RM
2002	1	501869	929254	0	18	RM
2001	2	501877	929254	8.1	0	AP
2001	2	501893	929254	5.05	1	AP
2002	1	205195	929254	5.5	1	AP
2002	1	500110	931688	3.85	2	RM
2001	2	500234	931688	6.1	0	AP
2001	1	500242	931688	5.8	2	AP
2002	1	501249	931688	6.85	2	AP
2001	1	306426	931688	7.7	0	AP
2001	1	501796	931688	8.35	0	AP
2001	1	501800	931688	5.65	2	AP
2001	1	501818	931688	5.15	8	AP
2001	2	501826	931688	5.6	4	AP
2001	2	501834	931688	6.1	2	AP
2001	2	501842	931688	5.2	8	AP
2001	2	501850	931688	5.15	0	AP
2002	1	501869	931688	1.5	26	RM
2002	1	501877	931688	6	0	AP
2002	1	501885	931688	7.5	0	AP
2002	1	501893	931688	6.4	0	AP
2002	1	500170	931691	8.15	0	AP
2001	1	500242	931691	9.1	4	AP
2002	1	500617	931691	8.25	0	AP
2002	1	501249	931691	8.05	6	AP
2001	1	306426	931691	8.2	0	AP
2001	1	501796	931691	9.3	0	AP
2001	1	501800	931691	9.6	0	AP
2001	1	501818	931691	5.75	2	AP
2001	2	501826	931691	7.4	4	AP
2001	2	501834	931691	5.7	2	AP
2001	2	501842	931691	6.4	10	AP
2001	2	501850	931691	6.75	0	AP
2002	1	501869	931691	7.5	4	AP
2002	1	501877	931691	6.75	0	AP
2002	1	501885	931691	7.9	0	AP
2001	2	501893	931691	6.1	2	AP
2002	1	500110	931889	7.9	4	AP
2001	2	500234	931889	6.7	0	AP
2001	1	500242	931889	6.5	6	AP
2002	1	501249	931889	5.3	12	AP
2001	1	306426	931889	7.2	0	AP
2001	1	501796	931889	8.45	0	AP
2001	1	501800	931889	5.15	6	AP
2001	1	501818	931889	5	2	AP
2002	1	501826	931889	7.25	0	AP
2001	2	501826	931889	0	30	RF
2001	2	501834	931889	6.55	4	AP
2001	2	501842	931889	5.7	10	AP
2001	2	501850	931889	5.25	0	AP
2002	1	501877	931889	5.6	0	AP
2002	1	501885	931889	7.75	2	AP
2002	1	501893	931889	6.25	0	AP
2001	2	500110	931934	7.3	2	AP
2001	2	500234	931934	5.5	2	AP
2001	1	500242	931934	5.8	4	AP
2001	1	306426	931934	8.45	8	AP
2001	1	501796	931934	8.9	0	AP
2001	1	501800	931934	8.35	0	AP
2001	1	501818	931934	4.2	10	RM
2001	2	501818	931934	7.15	4	AP
2001	2	501826	931934	7.6	8	AP
2001	2	501834	931934	6.35	8	AP
2002	1	501842	931934	5.55	22	AP
2002	1	501850	931934	1.05	6	RM
2002	1	501869	931934	5.05	4	AP
2002	1	501877	931934	7.05	2	AP
2002	1	501893	931934	6.4	8	AP
2002	1	500110	932079	7.9	4	AP
2001	2	500234	932079	7	6	AP
2001	1	500242	932079	7.3	8	AP
2002	1	501249	932079	8.35	0	AP
2001	1	306426	932079	9.8	0	AP
2001	1	501796	932079	8.85	0	AP
2001	1	501800	932079	9.15	0	AP
2001	1	501818	932079	5.05	6	AP
2001	2	501826	932079	10	2	AP
2001	2	501834	932079	5.65	4	AP
2001	2	501842	932079	7.05	10	AP
2001	2	501850	932079	6.45	0	AP
2002	1	501869	932079	6.75	12	AP
2002	1	501877	932079	8	0	AP
2002	1	501885	932079	8.2	0	AP
2002	1	501893	932079	8.1	0	AP
2002	1	500110	932100	7.6	6	AP
2001	2	500234	932100	6.15	2	AP
2001	1	500242	932100	6.85	4	AP
2002	1	501249	932100	9	4	AP
2001	1	306426	932100	8.75	8	AP
2001	1	501796	932100	8.9	0	AP
2001	1	501800	932100	7.9	6	AP
2001	1	501818	932100	5.25	12	AP
2002	1	501826	932100	7.85	16	AP
2001	2	501826	932100	3.8	2	RM
2001	2	501834	932100	5.75	4	AP
2001	2	501842	932100	6.8	14	AP
2001	2	501850	932100	6	2	AP
2002	1	501877	932100	6.6	0	AP
2002	1	501885	932100	7.3	0	AP
2002	1	501893	932100	6.2	2	AP
2002	1	500110	932261	7.9	4	AP
2001	2	500234	932261	6	2	AP
2001	1	500242	932261	5.5	6	AP
2001	1	306426	932261	7.9	0	AP
2001	1	501796	932261	8.25	0	AP
2001	1	501800	932261	6.35	4	AP
2001	1	501818	932261	5	8	AP
2001	2	501826	932261	5.15	8	AP
2001	2	501834	932261	7.1	4	AP
2001	2	501842	932261	3.75	28	RF
2002	1	501842	932261	5.5	22	AP
2001	2	501850	932261	5.35	0	AP
2002	1	501869	932261	6.1	12	AP
2002	1	501877	932261	6.95	2	AP
2002	1	501893	932261	6.25	0	AP
2002	1	500110	932291	5.5	4	AP
2001	2	500234	932291	7.45	0	AP
2001	1	500242	932291	6.5	4	AP
2002	1	501249	932291	7.85	6	AP
2001	1	306426	932291	7.65	2	AP
2001	1	501796	932291	8.7	0	AP
2001	1	501800	932291	5	0	AP
2001	1	501818	932291	5.1	12	AP
2001	2	501826	932291	0.9	20	RM
2002	1	501826	932291	5	8	AP
2001	2	501834	932291	6.9	2	AP
2001	2	501842	932291	6	8	AP
2001	2	501850	932291	6.75	0	AP
2002	1	501877	932291	5.55	2	AP
2002	1	501885	932291	7.55	2	AP
2002	1	501893	932291	5.6	2	AP
2001	2	500110	932380	5.05	6	AP
2001	2	500234	932380	2.1	6	RM
2001	1	500242	932380	6.1	6	AP
2002	1	500617	932380	8.8	12	AP
2001	1	306426	932380	7.7	0	AP
2001	1	501796	932380	9.35	0	AP
2001	1	501800	932380	9.2	0	AP
2001	1	501818	932380	4.5	2	RM
2001	2	501818	932380	8.6	2	AP
2001	2	501826	932380	9.5	0	AP
2001	2	501834	932380	5.1	10	AP
2002	1	501842	932380	6.15	24	AP
2002	1	501850	932380	7.75	8	AP
2002	1	501869	932380	9.6	18	AP
2002	1	501877	932380	5.95	2	AP
2001	1	500110	933501	0.6	26	RF
2002	1	500110	933501	5.15	4	AP
2001	1	500234	933501	6.3	4	AP
1994	1	500242	933501	6.1	0	AP
2001	2	500617	933501	9.2	11	AP
2001	2	500730	933501	9.3	8	AP
2001	2	501176	933501	8.15	10	AP
1996	1	304180	933501	8.3	18	AP
1994	2	306426	933501	9.7	2	AP
1995	1	501796	933501	5.95	0	AP
1995	1	501800	933501	8.2	0	AP
2001	1	501818	933501	0	52	RF
2001	2	501818	933501	5.7	6	AP
2001	1	501826	933501	7.4	10	AP
2002	1	501842	933501	0	58	RF
2002	1	501850	933501	5.6	2	AP
2001	2	501869	933501	0	66	RF
2002	1	501869	933501	6.2	4	AP
1994	2	501893	933501	7.2	5	AP
2002	1	501974	933501	6.85	8	AP
1994	2	205195	933501	9	3	AP
2002	1	500234	933616	5.55	0	AP
2001	2	500242	933616	6.45	2	AP
2001	1	500242	933616	4.4	8	RM
2001	1	306426	933616	5.9	6	AP
2001	1	501796	933616	7.95	0	AP
2001	1	501800	933616	0.3	32	RF
2002	1	501800	933616	4.6	0	RM
2001	2	501800	933616	0.3	30	RF
2001	2	501818	933616	5.3	2	AP
2001	1	501818	933616	2.8	28	RF
2001	2	501834	933616	5.2	11	AP
2002	1	501842	933616	1.05	38	RF
2002	1	501850	933616	2.8	0	RM
2002	1	501974	933616	2.55	26	RF
2002	1	500110	933670	5.75	2	AP
2001	2	500234	933670	5.05	4	AP
2001	1	500242	933670	6.4	2	AP
2002	1	501249	933670	6.05	8	AP
2001	1	306426	933670	7.25	4	AP
2001	1	501796	933670	6.8	13	AP
2001	2	501800	933670	5.3	0	AP
2001	1	501800	933670	3.9	2	RM
2001	1	501818	933670	5.15	0	AP
2002	1	501826	933670	6.45	2	AP
2001	2	501834	933670	5.2	4	AP
2001	2	501842	933670	5.4	8	AP
2001	2	501850	933670	6.4	0	AP
2002	1	501877	933670	5.1	0	AP
2002	1	501885	933670	7.25	2	AP
2002	1	501893	933670	5.1	0	AP
2001	2	500234	933724	1.05	32	RF
2002	1	500242	933724	0	48	RF
2001	1	500242	933724	1.95	10	RM
2001	1	306426	933724	7.85	8	AP
2001	1	501796	933724	6.6	12	AP
2001	2	501800	933724	7.9	12	AP
2001	1	501800	933724	2.4	5	RM
2001	2	501818	933724	1.5	50	RF
2001	1	501818	933724	1.8	32	RF
2002	1	501826	933724	1.8	34	RF
2002	1	501834	933724	1.5	22	RF
2001	2	501834	933724	0	27	RF
2002	1	501893	933724	0	28	RF
2001	2	500110	933721	5	2	AP
2001	2	500234	933721	5	2	AP
2002	1	500242	933721	5.65	14	AP
2001	1	500242	933721	4.7	10	RM
2001	2	500730	933721	7.75	6	AP
2002	1	304180	933721	5.75	17	AP
2001	1	306426	933721	6.45	14	AP
2001	1	501796	933721	6	21	AP
2002	1	501800	933721	5.25	0	AP
2001	2	501800	933721	1.2	35	RF
2001	1	501800	933721	1.8	5	RM
2001	1	501818	933721	0.9	42	RF
2001	2	501834	933721	6	6	AP
2002	1	501877	933721	5.7	4	AP
2002	1	501893	933721	4.15	4	RM
2002	1	501974	933721	5.15	8	AP
2001	2	500110	933949	6.8	4	AP
2001	2	500234	933949	5.15	2	AP
2001	1	500242	933949	3.15	14	RM
2002	1	500242	933949	4.7	10	RM
2001	2	500730	933949	7.75	4	AP
2002	1	304180	933949	6.7	4	AP
2001	1	306426	933949	5.05	14	AP
2001	1	501796	933949	6.8	21	AP
2001	1	501800	933949	0	54	RF
2001	2	501800	933949	1.2	30	RF
2002	1	501800	933949	8.8	15	AP
2001	1	501818	933949	1.5	48	RF
2002	1	501818	933949	5.2	10	AP
2001	2	501834	933949	6.45	2	AP
2002	1	501893	933949	4.1	0	RM
2001	2	501974	933949	5.15	0	AP
2002	1	500234	937131	6.55	0	AP
2001	2	500242	937131	6.8	12	AP
2001	2	306426	937131	6.9	13	AP
2001	2	501796	937131	7.4	8	AP
2001	2	501800	937131	6.1	6	AP
2001	2	501818	937131	5	8	AP
2002	1	501826	937131	5.15	6	AP
2002	1	501834	937131	5.75	10	AP
2002	1	501842	937131	3.8	22	RM
2002	1	501850	937131	5	0	AP
2002	1	500234	937729	5.7	10	AP
2001	2	500242	937729	6.5	8	AP
2001	2	306426	937729	8.2	7	AP
2001	2	501796	937729	8.65	10	AP
2001	2	501800	937729	10	2	AP
2001	2	501818	937729	5.1	4	AP
2002	1	501826	937729	5.2	8	AP
2002	1	501834	937729	5.15	10	AP
2002	1	501842	937729	4.55	22	RM
2002	1	501850	937729	5.1	0	AP
2002	1	500234	937730	6.55	2	AP
2001	2	500242	937730	7.05	0	AP
2001	2	306426	937730	6.75	11	AP
2001	2	501796	937730	6.4	16	AP
2001	2	501800	937730	7.8	0	AP
2001	2	501818	937730	5.1	0	AP
2002	1	501826	937730	6.2	2	AP
2002	1	501834	937730	5.15	6	AP
2002	1	501842	937730	5	20	AP
2002	1	501850	937730	5.4	0	AP
2002	1	500110	937744	5.5	4	AP
2002	1	500234	937744	1.2	22	RF
2001	2	500242	937744	7	6	AP
2001	2	306426	937744	6	13	AP
2001	2	501796	937744	5	8	AP
2001	2	501800	937744	5	4	AP
2001	2	501818	937744	2.6	6	RM
2002	1	501818	937744	5.05	2	AP
2002	1	501826	937744	4.15	6	RM
2002	1	501834	937744	5.8	6	AP
2002	1	500234	937747	7	0	AP
2001	2	500242	937747	7.8	2	AP
2001	2	306426	937747	7.7	0	AP
2001	2	501796	937747	6.15	8	AP
2001	2	501800	937747	9.6	0	AP
2001	2	501818	937747	6.45	0	AP
2002	1	501826	937747	8.15	4	AP
2002	1	501834	937747	6.35	6	AP
2002	1	501842	937747	7.8	8	AP
2002	1	501850	937747	8	0	AP
2002	1	500234	937753	6.05	0	AP
2001	2	500242	937753	7.75	0	AP
2001	2	306426	937753	6.75	4	AP
2001	2	501796	937753	7.25	10	AP
2001	2	501800	937753	9.2	0	AP
2001	2	501818	937753	5	4	AP
2002	1	501826	937753	9.85	4	AP
2002	1	501834	937753	4.5	4	RM
2002	1	501842	937753	5.05	14	AP
2002	1	501850	937753	7.9	0	AP
2000	2	500110	937758	5.85	0	AP
1999	2	500234	937758	5.55	0	AP
1999	1	500242	937758	5.1	0	AP
2001	2	500315	937758	5.3	2	AP
2001	1	500617	937758	5.1	0	AP
2002	1	500641	937758	5.05	4	AP
2002	1	501176	937758	7.15	2	AP
2000	2	501249	937758	7.75	0	AP
2002	1	304180	937758	5.9	16	AP
1999	1	306426	937758	7.5	0	AP
1999	1	501796	937758	7.38	0	AP
1999	2	501800	937758	8.4	0	AP
1999	2	501818	937758	5.48	0	AP
2000	1	501826	937758	7.2	0	AP
2001	2	501834	937758	5.05	8	AP
1999	2	501842	937758	5	0	AP
2001	1	501850	937758	5.3	0	AP
2001	1	501869	937758	6.8	0	AP
2000	1	501885	937758	5.1	0	AP
1999	1	501893	937758	6.2	0	AP
2001	2	501907	937758	5.4	2	AP
2001	2	501915	937758	5.55	2	AP
2001	2	501931	937758	7.15	8	AP
2002	1	501940	937758	5.3	8	AP
2002	1	501966	937758	5	12	AP
2002	1	501974	937758	7.2	0	AP
2002	1	500234	937761	7.9	10	AP
2001	2	500242	937761	8.6	8	AP
2001	2	306426	937761	7.2	11	AP
2001	2	501796	937761	5.85	16	AP
2001	2	501800	937761	7.25	0	AP
2001	2	501818	937761	7.2	18	AP
2002	1	501826	937761	7.7	6	AP
2002	1	501834	937761	6.3	10	AP
2002	1	501842	937761	6.1	12	AP
2002	1	501850	937761	6.3	0	AP
2002	1	500234	937763	9.7	6	AP
2001	2	500242	937763	9.85	4	AP
2001	2	306426	937763	7.25	11	AP
2001	2	501796	937763	9.7	14	AP
2001	2	501800	937763	9.3	0	AP
2001	2	501818	937763	7.7	2	AP
2002	1	501826	937763	8.05	12	AP
2002	1	501834	937763	7.65	6	AP
2002	1	501842	937763	8.55	14	AP
2002	1	501850	937763	9.4	0	AP
2002	1	500234	937765	7.3	6	AP
2001	2	500242	937765	5.75	0	AP
2001	2	306426	937765	5.35	11	AP
2001	2	501796	937765	5.15	14	AP
2001	2	501800	937765	5	0	AP
2001	2	501818	937765	6.2	0	AP
2002	1	501826	937765	2.4	14	RM
2002	1	501834	937765	5.15	6	AP
2002	1	501842	937765	5.15	20	AP
2002	1	501850	937765	7.5	0	AP
2002	1	500234	937777	6.7	0	AP
2001	2	500242	937777	6.4	0	AP
2001	2	306426	937777	8.55	2	AP
2001	2	501796	937777	8.15	12	AP
2001	2	501800	937777	9.7	0	AP
2001	2	501818	937777	5.8	0	AP
2002	1	501826	937777	9.05	6	AP
2002	1	501834	937777	5.1	2	AP
2002	1	501842	937777	7.6	8	AP
2002	1	501850	937777	5.9	0	AP
2002	1	500234	938261	4.7	2	RM
2001	2	500242	938261	7.45	4	AP
2001	2	306426	938261	6.9	14	AP
2001	2	501796	938261	8.3	4	AP
2001	2	501800	938261	9.4	1	AP
2001	2	501818	938261	5.3	6	AP
2002	1	501826	938261	7.4	2	AP
2002	1	501834	938261	5	8	AP
2002	1	501842	938261	6.4	10	AP
2002	1	501850	938261	5.3	0	AP
1997	1	500110	999428	3.5	1	RM
1997	2	500110	999428	5.1	12	AP
1996	2	500234	999428	7.4	6	AP
1996	1	500242	999428	7.4	4	AP
1998	1	500315	999428	4.8	10	RM
1998	2	500315	999428	6.5	14	AP
1999	2	500617	999428	5.1	18	AP
1999	1	500617	999428	1.2	18	RM
1998	2	500617	999428	4.1	6	RM
1998	1	500617	999428	3	15	RM
2000	1	500625	999428	1.2	36	RF
2001	1	500625	999428	5.15	8	AP
2000	2	500625	999428	0.15	26	RF
1999	2	500730	999428	8.15	10	AP
1997	1	501060	999428	5.4	11	AP
2002	1	501176	999428	7.4	6	AP
1998	2	501249	999428	5.8	14	AP
1997	2	501249	999428	3.1	16	RM
1999	1	304180	999428	6.3	15	AP
1996	1	306426	999428	7.1	14	AP
1996	1	501796	999428	6.9	0	AP
1996	2	501800	999428	5.3	10	AP
2002	1	501818	999428	5.4	0	AP
2002	1	501826	999428	0.3	50	RF
2002	1	501834	999428	2.8	16	RM
2002	1	501842	999428	6.2	0	AP
2002	1	501850	999428	5.1	0	AP
2002	1	501885	999428	5.1	0	AP
2002	1	501893	999428	7.5	0	AP
2002	1	501931	999428	0.3	42	RF
1999	1	205195	999428	7.6	7	AP
1998	2	500110	913489	5.2	5	AP
2000	2	500170	913489	8.5	14	AP
1999	2	500170	913489	2.25	12	RM
2000	1	500170	913489	3	12	RM
1998	1	500234	913489	5.1	2	AP
1997	2	500242	913489	5.1	2	AP
2000	1	500315	913489	5.55	16	AP
1999	2	500315	913489	0.45	24	RF
2001	2	500617	913489	5.25	15	AP
2001	1	500617	913489	2.55	26	RF
2000	2	500617	913489	0	45	RF
2000	1	500617	913489	2.1	17	RM
1999	2	500617	913489	3.15	21	RF
2001	1	500730	913489	9.3	14	AP
2002	1	501060	913489	0	64	RF
2002	1	501176	913489	5	6	AP
1999	1	501249	913489	5.6	8	AP
1999	2	304180	913489	6.2	16	AP
1997	2	306426	913489	8.3	9	AP
1997	2	501796	913489	5.6	10	AP
1998	1	501800	913489	10	6	AP
1998	1	501818	913489	7.8	6	AP
1998	2	501826	913489	7.1	0	AP
2002	1	501834	913489	3.45	10	RM
1998	2	501842	913489	8.3	0	AP
1998	2	501850	913489	5.5	0	AP
2001	1	501869	913489	5.4	0	AP
1999	1	501885	913489	5.9	0	AP
1997	2	501893	913489	7.5	7	AP
2002	1	501907	913489	0	70	RF
2001	2	501915	913489	5.05	0	AP
2002	1	501931	913489	1.35	26	RF
2002	1	501974	913489	8.25	6	AP
1999	1	500234	914830	0.9	10	RM
1998	2	500234	914830	0	36	RF
1998	1	500242	914830	5.6	10	AP
1998	1	306426	914830	7.5	6	AP
1998	1	501796	914830	5	12	AP
2002	1	501893	914830	5.1	0	AP
2002	1	500234	938808	1.2	28	RF
2001	2	500242	938808	5.55	2	AP
2001	2	306426	938808	5.7	17	AP
2001	2	501796	938808	5.55	22	AP
2001	2	501800	938808	0.15	36	RF
2002	1	501800	938808	0	54	RF
2001	2	501818	938808	1.35	28	RF
2002	1	501818	938808	1.8	46	RF
2002	1	501834	938808	4.35	10	RM
2002	1	500110	938839	0.45	34	RF
2002	1	500234	938839	1.35	18	RM
2001	2	500242	938839	5.5	8	AP
2001	2	306426	938839	6.2	16	AP
2001	2	501796	938839	5.05	20	AP
2001	2	501800	938839	1.9	7	RM
2002	1	501800	938839	6.35	20	AP
2001	2	501818	938839	3.25	13	RM
2002	1	501834	938839	4.35	10	RM
2001	2	500242	939147	0.3	16	RM
2002	1	500242	939147	2.05	22	RF
2001	2	306426	939147	5	5	AP
2001	2	501796	939147	2.15	8	RM
2002	1	501796	939147	0.85	34	RF
2001	2	501800	939147	0.15	34	RF
2002	1	501800	939147	0	0	RM
2001	2	501818	939147	1	10	RM
2002	1	501818	939147	0	72	RF
2002	1	205195	939147	0	14	RF
2002	1	500242	941280	3.5	20	RF
2002	1	306426	941280	5.7	11	AP
2002	1	501796	941280	4.3	14	RM
2002	1	501800	941280	5.1	8	AP
2002	1	501818	941280	2.75	10	RM
2002	1	500242	941332	3.15	6	RM
2002	1	306426	941332	6.15	2	AP
2002	1	501796	941332	5.45	8	AP
2002	1	501800	941332	0	22	RM
2002	1	501818	941332	0.3	38	RF
2002	1	500242	941334	6.25	0	AP
2002	1	306426	941334	8.2	2	AP
2002	1	501796	941334	8.45	0	AP
2002	1	501800	941334	9.1	7	AP
2002	1	501818	941334	4.4	2	RM
2002	1	500242	941337	6.9	0	AP
2002	1	306426	941337	8.15	0	AP
2002	1	501796	941337	8.95	6	AP
2002	1	501800	941337	9.4	3	AP
2002	1	501818	941337	5.6	0	AP
2002	1	500242	941343	5.85	2	AP
2002	1	306426	941343	8	0	AP
2002	1	501796	941343	8.1	4	AP
2002	1	501800	941343	10	5	AP
2002	1	501818	941343	5	8	AP
2002	1	500242	941349	2.45	4	RM
2002	1	304180	941349	1.65	26	RF
2002	1	306426	941349	8	0	AP
2002	1	501796	941349	8	0	AP
2002	1	501800	941349	9.4	15	AP
2002	1	501818	941349	2.9	12	RM
2002	1	500242	941350	5.5	12	AP
2002	1	306426	941350	5.85	10	AP
2002	1	501796	941350	8.35	4	AP
2002	1	501800	941350	7.3	4	AP
2002	1	501818	941350	5	10	AP
2002	1	500242	941351	8.4	4	AP
2002	1	306426	941351	9	0	AP
2002	1	501796	941351	9.45	8	AP
2002	1	501800	941351	10	7	AP
2002	1	501818	941351	9.6	10	AP
2002	1	500242	941354	3.15	20	RF
2002	1	306426	941354	6.1	6	AP
2002	1	501796	941354	6	12	AP
2002	1	501800	941354	7.8	8	AP
2002	1	501818	941354	1.6	15	RM
2002	1	500242	941356	6.8	2	AP
2002	1	306426	941356	8.15	0	AP
2002	1	501796	941356	8.8	2	AP
2002	1	501800	941356	10	0	AP
2002	1	501818	941356	6.2	6	AP
2002	1	500242	941363	5.35	0	AP
2002	1	306426	941363	7.1	4	AP
2002	1	501796	941363	7.45	2	AP
2002	1	501800	941363	10	0	AP
2002	1	501818	941363	5	4	AP
2002	1	500242	941367	5.05	16	AP
2002	1	306426	941367	7.5	0	AP
2002	1	501796	941367	6.1	22	AP
2002	1	501800	941367	8.5	15	AP
2002	1	501818	941367	5.45	6	AP
2002	1	500242	941375	4.75	10	RM
2002	1	306426	941375	5.85	9	AP
2002	1	501796	941375	8.45	8	AP
2002	1	501800	941375	0	29	RF
2002	1	501818	941375	3.1	14	RM
2002	1	500242	941377	4	9	RM
2002	1	306426	941377	8	0	AP
2002	1	501796	941377	6.15	14	AP
2002	1	501800	941377	7.3	27	AP
2002	1	501818	941377	0.45	44	RF
2002	1	500242	941392	2.55	8	RM
2002	1	306426	941392	5.85	8	AP
2002	1	501796	941392	6.35	2	AP
2002	1	501800	941392	6.1	8	AP
2002	1	501818	941392	4.25	12	RM
2002	1	500242	941393	5	8	AP
2002	1	306426	941393	8	0	AP
2002	1	501796	941393	7.3	4	AP
2002	1	501800	941393	8.8	10	AP
2002	1	501818	941393	5.2	6	AP
2002	1	500242	941401	2.55	4	RM
2002	1	306426	941401	7.8	4	AP
2002	1	501796	941401	8.05	8	AP
2002	1	501800	941401	5.1	9	AP
2002	1	501818	941401	1.8	30	RF
2002	1	500242	941404	2.05	0	RM
2002	1	306426	941404	5.95	2	AP
2002	1	501796	941404	6.45	2	AP
2002	1	501800	941404	0	9	RM
2002	1	501818	941404	5.1	4	AP
2002	1	500242	941406	0.45	22	RF
2002	1	306426	941406	5.35	10	AP
2002	1	501796	941406	0	62	RF
2002	1	501800	941406	0	42	RF
2002	1	501818	941406	0.75	26	RM
2002	1	500242	941568	5.7	14	AP
2002	1	306426	941568	5.25	7	AP
2002	1	501796	941568	5.9	24	AP
2002	1	501800	941568	8.1	4	AP
2002	1	501818	941568	5.3	10	AP
2002	1	500242	941604	0.6	10	RM
2002	1	306426	941604	5.85	15	AP
2002	1	501796	941604	6.15	2	AP
2002	1	501800	941604	5.45	4	AP
2002	1	501818	941604	1.9	2	RM
2002	1	500242	941682	6.9	0	AP
2002	1	306426	941682	8	0	AP
2002	1	501796	941682	8.4	4	AP
2002	1	501800	941682	8.8	6	AP
2002	1	501818	941682	3.8	4	RM
2002	1	500242	941711	5.25	4	AP
2002	1	306426	941711	5.9	11	AP
2002	1	501796	941711	5.85	10	AP
2002	1	501800	941711	6.25	4	AP
2002	1	501818	941711	5	0	AP
2002	1	500242	941745	3.05	14	RM
2002	1	306426	941745	6.4	6	AP
2002	1	501796	941745	4.55	18	RM
2002	1	501800	941745	4.45	8	RM
2002	1	501818	941745	1.35	20	RM
2002	1	500242	942066	1.55	18	RM
2002	1	306426	942066	9	0	AP
2002	1	501796	942066	6.8	18	AP
2002	1	501800	942066	7.05	18	AP
2002	1	501818	942066	0.85	8	RM
2002	1	500242	942217	5.55	4	AP
2002	1	306426	942217	5.55	10	AP
2002	1	501796	942217	8.2	4	AP
2002	1	501800	942217	8.55	4	AP
2002	1	501818	942217	5.1	0	AP
2002	1	500730	942752	9.7	4	AP
2002	1	501176	942752	6.9	2	AP
2002	1	306426	942752	9	0	AP
2000	1	501796	942752	10	0	AP
2002	1	501800	942752	10	0	AP
2002	1	501818	942752	3.05	0	RM
2002	1	500242	943045	5.65	0	AP
2002	1	306426	943045	6.15	7	AP
2002	1	501796	943045	6.6	0	AP
2002	1	501800	943045	7.45	6	AP
2002	1	501818	943045	5.1	6	AP
2002	1	500242	943136	5.3	4	AP
2002	1	306426	943136	5.25	9	AP
2002	1	501796	943136	5.4	16	AP
2002	1	501800	943136	1.95	8	RM
2002	1	501818	943136	2.9	2	RM
2002	1	500242	943153	5	14	AP
2002	1	306426	943153	5.9	4	AP
2002	1	501796	943153	5.55	0	AP
2002	1	501800	943153	3.8	12	RM
2002	1	501818	943153	5.9	4	AP
2002	1	500242	943165	5.25	0	AP
2002	1	306426	943165	7.15	0	AP
2002	1	501796	943165	7	0	AP
2002	1	501800	943165	6.2	2	AP
2002	1	501818	943165	5	0	AP
2002	1	501834	943165	5.8	2	AP
2002	1	500242	943481	1.7	6	RM
2002	1	306426	943481	5.1	4	AP
2002	1	501796	943481	5.8	18	AP
2002	1	501800	943481	2.65	4	RM
2002	1	501818	943481	0.9	19	RM
2002	1	500242	943579	0.3	42	RF
2002	1	306426	943579	6.5	8	AP
2002	1	501796	943579	5.15	20	AP
2002	1	501800	943579	2.45	16	RM
2002	1	501818	943579	3.4	10	RM
2002	1	500242	943634	0.95	4	RM
2002	1	306426	943634	5.3	5	AP
2002	1	501796	943634	0.45	48	RF
2002	1	501800	943634	3.6	10	RM
2002	1	501818	943634	2.65	4	RM
2002	1	500242	943765	1.65	10	RM
2002	1	306426	943765	6.35	8	AP
2002	1	501796	943765	7.85	4	AP
2002	1	501800	943765	6.95	4	AP
2002	1	501818	943765	5.1	0	AP
1999	2	501800	945099	8	0	AP
1999	1	501818	945099	6.2	0	AP
2000	1	501850	945099	8	0	AP
2001	2	500110	917605	0.9	32	RF
2001	1	500110	917605	0.15	52	RF
2000	2	500110	917605	0.15	52	RF
1999	2	500234	917605	5.05	10	AP
2001	1	500242	917605	5	14	AP
2000	1	500242	917605	4.2	14	RM
1999	2	500242	917605	0.9	28	RF
1999	1	500242	917605	2.2	10	RM
2002	1	500315	917605	0.3	24	RF
2002	1	500730	917605	0.75	54	RF
2001	2	501176	917605	1.2	32	RF
2002	1	304180	917605	6.3	4	AP
1999	1	306426	917605	6	10	AP
2000	2	501796	917605	0	56	RF
2001	2	501796	917605	0.75	58	RF
2002	1	501796	917605	0.9	28	RF
2001	2	501800	917605	0	50	RF
2001	2	501834	917605	0	46	RF
2002	1	501834	917605	1.5	12	RM
2001	1	501850	917605	7.1	4	AP
2001	1	501885	917605	5.55	6	AP
1999	1	501893	917605	0.9	22	RF
2000	2	501893	917605	6.3	10	AP
2000	1	501893	917605	4.05	15	RM
2002	1	501974	917605	1.05	26	RF
2002	1	500110	919034	5.9	2	AP
2000	1	500234	919034	5.15	6	AP
1999	2	500242	919034	5.15	4	AP
2002	1	304180	919034	0	54	RF
1999	2	306426	919034	8	14	AP
2000	1	501796	919034	6.75	0	AP
2002	1	501800	919034	0.45	0	RM
2002	1	501818	919034	3.2	16	RM
2002	1	501834	919034	0	26	RF
1999	2	501893	919034	5.55	12	AP
2001	2	500110	922143	1.9	8	RM
2002	1	500110	922143	6.75	4	AP
2000	2	500234	922143	0	44	RF
2001	1	500234	922143	5.4	4	AP
2000	1	500242	922143	3.8	2	RM
2000	2	500242	922143	5.9	8	AP
2000	1	306426	922143	7.9	14	AP
2000	1	501796	922143	5.55	4	AP
2000	1	501800	922143	5.35	6	AP
2000	2	501818	922143	6.9	10	AP
2000	1	501818	922143	3.3	12	RM
2000	2	501826	922143	8	16	AP
2001	1	501834	922143	0	26	RF
2001	2	501834	922143	0	38	RF
2002	1	501834	922143	5.85	10	AP
2001	1	501842	922143	3.75	12	RM
2002	1	501842	922143	2.7	20	RM
2001	1	501850	922143	0	30	RF
2001	2	501850	922143	5.15	0	AP
2001	2	501869	922143	0.75	46	RF
2002	1	501869	922143	0.45	64	RF
2001	2	501893	922143	5.35	2	AP
2001	1	500110	922149	5.5	14	AP
2000	2	500234	922149	6	6	AP
2000	1	500242	922149	7.5	8	AP
2001	2	500315	922149	5.9	14	AP
2001	2	500617	922149	5.8	10	AP
2001	2	501176	922149	6.15	6	AP
2001	1	501249	922149	5.65	8	AP
2000	1	306426	922149	7.95	9	AP
2000	1	501796	922149	7.25	2	AP
2000	1	501800	922149	7.8	4	AP
2000	1	501818	922149	6.25	8	AP
2000	2	501826	922149	5.15	24	AP
2000	2	501834	922149	5.15	10	AP
2000	2	501842	922149	5.05	10	AP
2000	2	501850	922149	4.25	8	RM
2001	2	501869	922149	6.7	10	AP
2001	1	501869	922149	0.45	44	RF
2001	1	501877	922149	5.15	10	AP
2001	1	501885	922149	7	0	AP
2001	1	501893	922149	6.2	5	AP
2002	1	501907	922149	1.95	24	RM
2002	1	501915	922149	0	26	RF
2002	1	501923	922149	8	0	AP
2001	2	501931	922149	7.75	11	AP
2002	1	501958	922149	6.3	12	AP
2002	1	501966	922149	5.1	16	AP
2002	1	501974	922149	7.4	4	AP
2001	1	500110	922155	4.5	4	RM
2001	2	500170	922155	7.25	2	AP
2000	2	500234	922155	7.85	10	AP
2000	1	500242	922155	6.2	0	AP
2001	2	500315	922155	5.4	10	AP
2002	1	500617	922155	6	9	AP
2001	2	501176	922155	4.8	4	RM
2001	1	501249	922155	5.15	6	AP
2000	1	306426	922155	5.7	5	AP
2000	1	501796	922155	7.4	6	AP
2000	1	501800	922155	5.8	4	AP
2000	1	501818	922155	5.6	6	AP
2000	2	501826	922155	6.75	6	AP
2000	2	501834	922155	5.65	8	AP
2000	2	501842	922155	5.05	2	AP
2000	2	501850	922155	4.2	0	RM
2002	1	501850	922155	0	30	RF
2002	1	501869	922155	6.1	5	AP
2001	2	501869	922155	0	48	RF
2001	1	501869	922155	1.8	38	RF
2001	1	501877	922155	5.2	4	AP
2001	1	501885	922155	7.15	0	AP
2001	1	501893	922155	5.6	2	AP
2001	2	501931	922155	5.4	4	AP
2002	1	501958	922155	5.1	4	AP
2002	1	501966	922155	5.05	4	AP
2002	1	500110	922158	1.4	15	RM
2000	2	500242	922158	4.3	18	RM
2000	1	500242	922158	3.65	4	RM
2002	1	500315	922158	5.1	0	AP
2001	2	501176	922158	5.2	2	AP
2001	2	501249	922158	5.4	0	AP
2000	1	306426	922158	5.8	15	AP
2000	1	501796	922158	4.45	22	RM
2001	1	501796	922158	5.6	16	AP
2000	2	501796	922158	1.2	73	RF
2000	2	501800	922158	5.25	11	AP
2000	1	501800	922158	3.1	10	RM
2000	2	501818	922158	5.15	8	AP
2000	1	501818	922158	0.6	26	RM
2002	1	501826	922158	3.5	2	RM
2001	2	501826	922158	0.9	24	RM
2001	1	501826	922158	0	64	RF
2002	1	501834	922158	3.75	0	RM
2001	2	501834	922158	0.75	26	RF
2001	1	501842	922158	6.5	18	AP
2001	2	501850	922158	5.1	2	AP
2001	1	501850	922158	2.5	4	RM
2002	1	501885	922158	6.45	4	AP
2002	1	501931	922158	5.15	2	AP
2001	1	500110	922166	6.75	8	AP
2000	2	500234	922166	5.7	4	AP
2000	1	500242	922166	6.65	2	AP
2001	2	500315	922166	5.1	0	AP
2002	1	500617	922166	6.45	8	AP
2002	1	501176	922166	8	2	AP
2001	1	501249	922166	7.6	6	AP
2000	1	306426	922166	9.85	5	AP
2000	1	501796	922166	6.65	0	AP
2000	1	501800	922166	7.7	4	AP
2000	1	501818	922166	7.05	5	AP
2000	2	501826	922166	6.7	6	AP
2000	2	501834	922166	5.35	4	AP
2000	2	501842	922166	5.5	8	AP
2000	2	501850	922166	5.15	0	AP
2001	1	501869	922166	5.15	10	AP
2001	1	501877	922166	5.1	4	AP
2001	1	501885	922166	7.15	0	AP
2001	1	501893	922166	6.8	8	AP
2001	2	501907	922166	5.1	0	AP
2001	2	501915	922166	5.05	2	AP
2001	2	501923	922166	9	8	AP
2001	2	501931	922166	7.35	2	AP
2002	1	501940	922166	5	2	AP
2002	1	501958	922166	5.15	2	AP
2002	1	501966	922166	5.2	0	AP
2002	1	501974	922166	7.55	5	AP
2001	1	500110	922182	7.2	16	AP
2000	2	500234	922182	7.75	8	AP
2000	1	500242	922182	7.55	10	AP
2001	2	500315	922182	6.1	8	AP
2002	1	500617	922182	9.55	14	AP
2002	1	501176	922182	9.35	6	AP
2001	1	501249	922182	6.8	10	AP
2000	1	306426	922182	7.6	8	AP
2000	1	501796	922182	8.85	6	AP
2000	1	501800	922182	10	20	AP
2000	1	501818	922182	6.55	16	AP
2000	2	501826	922182	7.85	20	AP
2000	2	501834	922182	5.5	12	AP
2000	2	501842	922182	5.65	8	AP
2000	2	501850	922182	5.45	6	AP
2001	1	501869	922182	8.3	20	AP
2001	1	501877	922182	5.9	18	AP
2001	1	501885	922182	7.75	0	AP
2001	1	501893	922182	6.8	18	AP
2001	2	501907	922182	7.95	2	AP
2001	2	501915	922182	8.55	10	AP
2001	2	501923	922182	9	8	AP
2001	2	501931	922182	7.9	8	AP
2002	1	501940	922182	8.35	16	AP
2002	1	501958	922182	6.2	4	AP
2002	1	501966	922182	6.8	4	AP
2002	1	501974	922182	8.45	4	AP
2001	1	500110	922212	3.5	18	RM
2001	2	500110	922212	5.9	8	AP
2001	2	500170	922212	5.8	8	AP
2000	2	500234	922212	7.6	6	AP
2000	1	500242	922212	6.85	0	AP
2001	2	500315	922212	0.6	20	RF
2002	1	500315	922212	5	0	AP
2002	1	500617	922212	6.95	6	AP
2001	2	501176	922212	5.65	14	AP
2001	1	501249	922212	6.1	14	AP
2000	1	306426	922212	8.1	15	AP
2000	1	501796	922212	5.95	8	AP
2000	1	501800	922212	8.65	7	AP
2000	1	501818	922212	7.85	5	AP
2000	2	501826	922212	7.05	18	AP
2000	2	501834	922212	6.45	8	AP
2000	2	501842	922212	5.1	2	AP
2000	2	501850	922212	5.4	4	AP
2001	1	501869	922212	0	72	RF
2002	1	501869	922212	5.2	6	AP
2001	1	501877	922212	5.05	18	AP
2001	1	501885	922212	5.9	6	AP
2001	1	501893	922212	5.75	12	AP
2001	2	501931	922212	0	24	RF
2002	1	501931	922212	6.65	4	AP
2002	1	501958	922212	0	28	RF
2001	2	501974	922212	5.1	7	AP
2002	1	205195	922212	5.95	2	AP
2001	1	500110	922253	5.85	14	AP
2001	1	500234	922253	7.15	2	AP
2000	1	500242	922253	5.35	14	AP
2001	2	500315	922253	5.9	4	AP
2002	1	501249	922253	6	10	AP
2000	1	306426	922253	7.35	17	AP
2000	1	501796	922253	7.75	12	AP
2000	1	501800	922253	6.6	13	AP
2001	1	501818	922253	7.05	17	AP
2000	1	501818	922253	0.6	24	RM
2001	1	501826	922253	8.2	22	AP
2002	1	501834	922253	4.9	10	RM
2001	2	501834	922253	1.2	34	RF
2001	2	501842	922253	5.35	25	AP
2001	2	501850	922253	5.15	8	AP
2001	2	501869	922253	7.4	24	AP
2002	1	501885	922253	8.05	0	AP
2001	1	501893	922253	6.7	14	AP
2002	1	501907	922253	7.95	4	AP
2002	1	501915	922253	5.3	8	AP
2002	1	501974	922253	7.7	2	AP
2001	2	500110	922507	0.7	28	RF
2000	2	500234	922507	0	56	RF
2001	1	500234	922507	0.6	44	RF
2001	2	500234	922507	5	10	AP
2000	1	500242	922507	0	27	RF
2001	1	500242	922507	0	48	RF
2002	1	500242	922507	1.2	36	RF
2000	2	500242	922507	0	60	RF
2002	1	500617	922507	4.35	14	RM
2001	2	500730	922507	0	62	RF
2000	1	306426	922507	6.2	14	AP
2000	1	501796	922507	5.85	24	AP
2000	1	501800	922507	6.2	24	AP
2000	1	501818	922507	0	46	RF
2002	1	501818	922507	0	68	RF
2000	2	501818	922507	0.3	34	RF
2001	1	501818	922507	0	66	RF
2000	2	501826	922507	0.45	64	RF
2001	2	501826	922507	5.6	26	AP
2001	1	501826	922507	1.05	56	RF
2001	1	501834	922507	0	28	RF
2002	1	501869	922507	0.6	40	RF
2001	2	501893	922507	0	52	RF
2002	1	501893	922507	0.3	30	RF
2001	2	501974	922507	5	4	AP
2001	1	500110	922617	3.55	8	RM
2001	1	500170	922617	7	8	AP
2000	2	500234	922617	5.05	4	AP
2000	1	500242	922617	7.35	6	AP
2001	2	500315	922617	5.8	6	AP
2002	1	500617	922617	8.7	2	AP
2002	1	501176	922617	8.45	0	AP
2001	1	501249	922617	5.05	6	AP
2000	1	306426	922617	9	6	AP
2000	1	501796	922617	7.65	2	AP
2000	1	501800	922617	8.05	0	AP
2000	1	501818	922617	6.6	4	AP
2000	2	501826	922617	7.7	8	AP
2002	1	501834	922617	8.7	2	AP
2001	2	501834	922617	0.3	30	RF
2000	2	501834	922617	2	10	RM
2000	2	501842	922617	5.55	12	AP
2000	2	501850	922617	5.1	2	AP
2001	1	501869	922617	5	12	AP
2001	1	501885	922617	7.6	2	AP
2001	1	501893	922617	6.05	4	AP
2001	2	501907	922617	8.05	0	AP
2001	2	501915	922617	6.85	0	AP
2001	2	501931	922617	7	8	AP
2002	1	501940	922617	5.95	2	AP
2002	1	501966	922617	5.75	0	AP
2001	1	500110	922623	3.5	6	RM
2001	2	500110	922623	5.65	10	AP
2001	1	500234	922623	6.35	10	AP
2000	1	500242	922623	5.3	10	AP
2001	1	500730	922623	8.5	14	AP
2002	1	501176	922623	6.3	6	AP
2001	2	304180	922623	6	16	AP
2000	1	306426	922623	7.45	11	AP
2000	1	501796	922623	6.15	20	AP
2000	1	501800	922623	0.15	26	RM
2001	1	501800	922623	5.95	8	AP
2001	1	501818	922623	8.25	22	AP
2000	1	501818	922623	0	58	RF
2002	1	501826	922623	1.5	16	RM
2002	1	501834	922623	5.3	12	AP
2001	2	501834	922623	0	34	RF
2002	1	501850	922623	2.6	2	RM
2002	1	501893	922623	5.6	1	AP
2001	2	501893	922623	1.35	9	RM
2001	2	501974	922623	5.1	6	AP
2001	2	500110	923414	5.75	4	AP
2001	1	500234	923414	5.6	12	AP
2000	2	500234	923414	0	40	RF
2000	1	500242	923414	6	8	AP
2001	2	501176	923414	0.9	8	RM
2002	1	501176	923414	5.6	14	AP
2002	1	304180	923414	6.1	16	AP
2000	1	306426	923414	6.2	6	AP
2000	1	501796	923414	6.45	6	AP
2000	2	501800	923414	5	12	AP
2000	1	501800	923414	1.9	11	RM
2000	2	501818	923414	5.15	8	AP
2000	1	501818	923414	0	11	RM
2002	1	501826	923414	0	58	RF
2001	2	501826	923414	0	50	RF
2001	1	501826	923414	0.3	34	RF
2000	2	501834	923414	4.4	12	RM
2001	1	501834	923414	5.25	8	AP
2001	1	501842	923414	4.35	4	RM
2002	1	501842	923414	1.35	34	RF
2001	1	501850	923414	3.55	8	RM
2002	1	501850	923414	1	2	RM
2001	2	501850	923414	0.3	26	RF
2001	2	501893	923414	4.65	3	RM
2001	2	501974	923414	5.15	1	AP
2001	1	500110	924010	4.35	4	RM
2001	2	500110	924010	2.1	14	RM
2002	1	500110	924010	6.4	8	AP
2000	2	500234	924010	5.15	6	AP
2000	1	500242	924010	7.05	0	AP
2002	1	501249	924010	6.05	10	AP
2000	1	306426	924010	6.25	6	AP
2000	1	501796	924010	6.45	8	AP
2000	1	501800	924010	3	8	RM
2000	2	501800	924010	6.95	13	AP
2000	1	501818	924010	1	20	RM
2000	2	501818	924010	7.1	6	AP
2001	1	501826	924010	0.3	16	RM
2001	2	501826	924010	6.2	4	AP
2000	2	501834	924010	5.15	8	AP
2001	1	501842	924010	4.45	8	RM
2001	2	501842	924010	5	24	AP
2001	1	501850	924010	0	30	RF
2001	2	501850	924010	6.25	0	AP
2002	1	501869	924010	0.6	30	RF
2002	1	501877	924010	5.25	0	AP
2002	1	501885	924010	7	0	AP
2001	1	501893	924010	4.4	4	RM
2002	1	501893	924010	5.65	2	AP
2001	2	500110	926465	7	4	AP
2001	1	500234	926465	6.6	2	AP
2000	2	500242	926465	9.25	2	AP
2002	1	500315	926465	6.3	0	AP
2001	2	501249	926465	7.6	2	AP
2000	2	306426	926465	7.7	0	AP
2000	2	501796	926465	8.05	4	AP
2000	2	501800	926465	9.1	7	AP
2000	2	501818	926465	7.05	8	AP
2001	1	501826	926465	5.8	4	AP
2001	1	501834	926465	6.9	4	AP
2001	1	501842	926465	6.3	5	AP
2001	1	501850	926465	6.9	4	AP
2001	2	501869	926465	7.85	6	AP
2001	2	501877	926465	8.5	0	AP
2001	2	501885	926465	8.05	0	AP
2001	2	501893	926465	6.65	2	AP
2002	1	501907	926465	7.25	0	AP
2002	1	501915	926465	7.4	0	AP
2002	1	501923	926465	8.85	0	AP
2002	1	501931	926465	7.45	2	AP
2001	2	500110	926541	0.15	42	RF
2001	1	500234	926541	6.9	12	AP
2000	2	500242	926541	7.25	8	AP
2002	1	500315	926541	2.1	2	RM
2001	2	501249	926541	9.5	2	AP
2000	2	306426	926541	8.7	12	AP
2000	2	501796	926541	9.7	13	AP
2000	2	501800	926541	10	10	AP
2000	2	501818	926541	5.75	12	AP
2001	1	501826	926541	6.6	26	AP
2001	1	501834	926541	5.15	18	AP
2001	1	501842	926541	5.25	20	AP
2001	1	501850	926541	4.55	8	RM
2001	2	501869	926541	6.4	26	AP
2001	2	501877	926541	8.3	6	AP
2001	2	501885	926541	0	26	RF
2001	2	501893	926541	6	6	AP
2002	1	501907	926541	3.6	38	RF
2002	1	501915	926541	1.5	30	RF
2002	1	501923	926541	8.05	0	AP
2002	1	501931	926541	0	70	RF
2001	2	500110	926549	8.05	6	AP
2001	1	500234	926549	7.8	6	AP
2000	2	500242	926549	7.55	8	AP
2002	1	500315	926549	7.2	2	AP
2001	2	501249	926549	7.95	0	AP
2000	2	306426	926549	6.25	12	AP
2000	2	501796	926549	7.5	12	AP
2000	2	501800	926549	7.65	2	AP
2000	2	501818	926549	8.65	8	AP
2001	1	501826	926549	5	8	AP
2001	1	501834	926549	7.6	2	AP
2001	1	501842	926549	6.55	14	AP
2001	1	501850	926549	7.2	0	AP
2001	2	501869	926549	6.1	0	AP
2001	2	501877	926549	8.7	0	AP
2001	2	501885	926549	7.45	0	AP
2001	2	501893	926549	5.15	0	AP
2002	1	501907	926549	5	2	AP
2002	1	501915	926549	5.8	4	AP
2002	1	501923	926549	8.85	0	AP
2002	1	501931	926549	5.1	8	AP
2002	1	500234	926762	0	72	RF
2000	2	500242	926762	0	56	RF
2002	1	500242	926762	0	52	RF
2001	1	500242	926762	0	72	RF
2000	2	306426	926762	7	0	AP
2002	1	501796	926762	0	108	RF
2001	1	501796	926762	0	96	RF
2000	2	501796	926762	0	108	RF
2002	1	501800	926762	0	58	RF
2001	2	501800	926762	0	108	RF
2001	1	501800	926762	0	66	RF
2000	2	501800	926762	0	96	RF
2000	2	501818	926762	0	94	RF
2001	1	501818	926762	0	108	RF
2001	2	501818	926762	0	108	RF
2001	2	500110	926894	5.2	4	AP
2001	1	500234	926894	6.3	8	AP
2000	2	500242	926894	2.55	12	RM
2002	1	500315	926894	5	0	AP
2001	2	501249	926894	10	0	AP
2000	2	306426	926894	8.9	6	AP
2000	2	501796	926894	7.25	2	AP
2000	2	501800	926894	8.6	13	AP
2000	2	501818	926894	5.25	7	AP
2001	1	501826	926894	6.35	6	AP
2001	1	501834	926894	6.4	6	AP
2001	1	501842	926894	5.45	10	AP
2001	1	501850	926894	5.6	2	AP
2001	2	501869	926894	5.9	2	AP
2001	2	501877	926894	8.45	0	AP
2001	2	501885	926894	6.55	2	AP
2001	2	501893	926894	7.1	0	AP
2002	1	501907	926894	7.55	2	AP
2002	1	501915	926894	6.5	2	AP
2002	1	501923	926894	8.55	0	AP
2002	1	501931	926894	7	4	AP
\.


--
-- Data for Name: pre_requisitos; Type: TABLE DATA; Schema: public; Owner: luiz
--

COPY public.pre_requisitos (cod_disc, cod_disc_pre) FROM stdin;
200746	200657
203605	204300
203605	204334
203605	204830
203729	203605
204024	204300
204024	204318
204024	204334
204040	203559
204040	204164
204067	204326
204091	204300
204091	204318
204164	203559
204164	204199
204164	204792
204180	204326
204180	204334
204237	204300
204237	204318
204300	203990
204326	204199
204326	204822
204342	204849
204822	204792
500145	500137
500170	501826
500196	500145
500196	500188
500315	501818
500609	500242
500617	501826
500625	500617
500625	501907
500633	500625
500641	500617
500641	501915
500889	501940
500994	501010
501010	500633
501010	501001
501141	501966
501184	501176
501192	501184
501192	501990
501249	501796
501249	501842
501826	501800
501842	501818
501850	501818
501869	501826
501877	501834
501885	501842
501907	501869
501915	501869
501923	501869
501923	501877
501931	501249
501940	501907
501958	501877
501966	501931
501982	501869
501982	501958
501990	501966
502008	500641
502016	500110
502016	501869
502024	501184
502032	500625
502032	502008
502040	501923
502059	502024
502075	304180
\.


--
-- Data for Name: professores; Type: TABLE DATA; Schema: public; Owner: luiz
--

COPY public.professores (cod_prof, cod_curso, nom_prof, email) FROM stdin;
11	26	DOMINGOS	\N
1128	10	NILDETE	\N
114	10	FREDERICO	\N
1148	26	JOSe	\N
1149	10	HUGO	\N
1150	10	GABRIEL	\N
118	10	GERSON	\N
12	10	ANDReS	\N
121	10	MARGARIDA	\N
13	10	MARCELO	\N
135	10	NOEMI	\N
143	10	MARCO	\N
145	26	EDSON	\N
15	10	FaBIO	\N
1508	26	JUGURTA	\N
16	10	RAIMUNDO	\N
1689	10	DANTAS	\N
1691	10	KELLYNE	\N
17	26	CARLOS	\N
1728	10	ALAN	\N
176	10	ISMAR	\N
178	10	JOaO	\N
186	10	GILVAN	\N
189	26	VIRGILIO	\N
196	10	EDUARDO	\N
197	10	JOSe	\N
202	10	MaRIO	\N
2028	10	OTHON	\N
203	10	JAILSON	\N
205	10	JOSe	\N
215	10	JOaO	\N
216	10	DANILO	\N
218	26	JOSe ALVES VIEIRA	\N
2228	10	CLAUDIO	\N
225	26	SHEILA	\N
226	26	MARCOS	\N
232	10	RODRIGO	\N
234	10	METHANIAS	\N
235	10	EDUARDO	\N
2375	10	LEVI	\N
238	10	ALEX	\N
240	26	SoNIA	\N
241	3	FRANCISCO	\N
2428	10	EDUARDO	\N
250	10	HORTeNCIA	\N
2548	10	MARIA	\N
30	10	MARIA	\N
3288	10	ESTRELA	\N
33	10	ANA	\N
34	10	CHRISTIANE	\N
4	10	CHRISTIANE	\N
502	10	EXSON	\N
58	10	ALESSANDRA	\N
770	10	WANUSA	\N
888	26	ANToNIO	\N
930	10	FRANCISCO	\N
97	10	JULIO	\N
\.


--
-- Data for Name: turmas; Type: TABLE DATA; Schema: public; Owner: luiz
--

COPY public.turmas (ano, semestre, cod_disc, turma, tot_vagas, vag_ocup, cod_prof) FROM stdin;
2002	2	200657	12A	40	25	30
2002	2	201777	10A	50	4	1128
2002	2	204199	52A	50	41	205
2002	2	204342	03A	30	4	205
2002	2	205195	52A	50	55	1128
2002	2	304180	26A	40	27	250
2002	2	304180	52A	50	34	250
2002	2	306426	52A	55	52	121
2002	2	500110	16A	40	39	1728
2002	2	500110	26A	45	25	216
2002	2	500110	49A	40	23	216
2002	2	500137	52E	45	17	2228
2002	2	500145	52A	50	30	186
2002	2	500153	10E	45	5	186
2002	2	500234	16A	40	51	1728
2002	2	500234	26A	45	36	118
2002	2	500242	52A	55	60	178
2002	2	500315	26A	45	13	186
2002	2	500617	26A	35	12	196
2002	2	500625	26A	20	4	34
2002	2	500633	10A	30	19	234
2002	2	500641	52A	20	9	15
2002	2	500730	26A	20	10	189
2002	2	500730	10A	20	16	238
2002	2	500757	10A	15	22	2548
2002	2	500838	10E	5	2	502
2002	2	500846	10E	10	6	234
2002	2	500854	10E	25	14	2375
2002	2	500854	26E	10	8	2375
2002	2	500889	26A	30	11	1149
2002	2	501001	10A	15	5	1691
2002	2	501001	26A	15	2	1691
2002	2	501010	10B	12	8	34
2002	2	501010	26A	12	0	34
2002	2	501010	10A	12	7	34
2002	2	501036	10A	20	4	3288
2002	2	501060	10A	15	14	197
2002	2	501060	26A	15	6	197
2002	2	501141	26A	20	0	235
2002	2	501176	26A	30	11	1508
2002	2	501184	26A	20	8	11
2002	2	501192	26A	10	0	143
2002	2	501249	26A	20	11	235
2002	2	501796	52B	30	32	2375
2002	2	501796	26A	30	0	189
2002	2	501796	52A	30	33	202
2002	2	501800	52A	30	41	197
2002	2	501800	52B	30	32	197
2002	2	501800	26A	30	26	234
2002	2	501826	26A	30	34	12
2002	2	501826	52A	30	40	3288
2002	2	501826	52B	25	14	502
2002	2	501834	26A	45	41	216
2002	2	501850	26A	45	19	186
2002	2	501869	26A	30	21	16
2002	2	501869	52A	35	39	12
2002	2	501877	26A	25	13	3288
2002	2	501893	26A	30	28	1689
2002	2	501893	52A	30	18	1689
2002	2	501907	52A	15	16	234
2002	2	501907	26A	20	7	16
2002	2	501915	26A	20	12	15
2002	2	501915	52A	16	14	16
2002	2	501923	26A	20	7	3288
2002	2	501931	26A	15	7	888
2002	2	501940	26A	15	5	2375
2002	2	501958	26A	15	11	143
2002	2	501966	26A	25	5	888
2002	2	501974	52A	50	53	196
2002	2	501982	26A	20	3	143
2002	2	501990	26A	20	6	3288
2002	2	502008	52A	20	5	15
\.


--
-- Data for Name: turmas_matriculadas; Type: TABLE DATA; Schema: public; Owner: luiz
--

COPY public.turmas_matriculadas (ano, semestre, cod_disc, turma, mat_alu, nota_1, nota_2, nota_3, nota_4, faltas_1, faltas_2, faltas_3) FROM stdin;
2002	2	201777	10A	915547	\N	\N	\N	\N	\N	\N	\N
2002	2	201777	10A	918425	\N	\N	\N	\N	\N	\N	\N
2002	2	201777	10A	918454	\N	\N	\N	\N	\N	\N	\N
2002	2	201777	10A	918470	\N	\N	\N	\N	\N	\N	\N
2002	2	204342	03A	916766	\N	\N	\N	\N	\N	\N	\N
2002	2	204342	03A	916778	\N	\N	\N	\N	\N	\N	\N
2002	2	204342	03A	916777	\N	\N	\N	\N	\N	\N	\N
2002	2	204342	03A	916774	\N	\N	\N	\N	\N	\N	\N
2002	2	205195	52A	913489	\N	\N	\N	\N	\N	\N	\N
2002	2	205195	52A	914830	\N	\N	\N	\N	\N	\N	\N
2002	2	205195	52A	922149	\N	\N	\N	\N	\N	\N	\N
2002	2	205195	52A	922155	\N	\N	\N	\N	\N	\N	\N
2002	2	205195	52A	922507	\N	\N	\N	\N	\N	\N	\N
2002	2	205195	52A	929066	\N	\N	\N	\N	\N	\N	\N
2002	2	304180	26A	999836	\N	\N	\N	\N	\N	\N	\N
2002	2	304180	26A	915547	\N	\N	\N	\N	\N	\N	\N
2002	2	304180	26A	922212	\N	\N	\N	\N	\N	\N	\N
2002	2	304180	26A	942752	\N	\N	\N	\N	\N	\N	\N
2002	2	304180	52A	918425	\N	\N	\N	\N	\N	\N	\N
2002	2	304180	52A	918470	\N	\N	\N	\N	\N	\N	\N
2002	2	304180	52A	929254	\N	\N	\N	\N	\N	\N	\N
2002	2	304180	52A	937131	\N	\N	\N	\N	\N	\N	\N
2002	2	500110	16A	994583	\N	\N	\N	\N	\N	\N	\N
2002	2	500110	16A	997809	\N	\N	\N	\N	\N	\N	\N
2002	2	500110	16A	914830	\N	\N	\N	\N	\N	\N	\N
2002	2	500110	16A	915538	\N	\N	\N	\N	\N	\N	\N
2002	2	500110	16A	915539	\N	\N	\N	\N	\N	\N	\N
2002	2	500110	16A	918434	\N	\N	\N	\N	\N	\N	\N
2002	2	500110	16A	938839	\N	\N	\N	\N	\N	\N	\N
2002	2	500110	16A	941349	\N	\N	\N	\N	\N	\N	\N
2002	2	500110	16A	942066	\N	\N	\N	\N	\N	\N	\N
2002	2	500110	26A	999836	\N	\N	\N	\N	\N	\N	\N
2002	2	500110	26A	915550	\N	\N	\N	\N	\N	\N	\N
2002	2	500110	26A	917605	\N	\N	\N	\N	\N	\N	\N
2002	2	500110	26A	918439	\N	\N	\N	\N	\N	\N	\N
2002	2	500110	26A	922158	\N	\N	\N	\N	\N	\N	\N
2002	2	500110	26A	933616	\N	\N	\N	\N	\N	\N	\N
2002	2	500110	26A	933724	\N	\N	\N	\N	\N	\N	\N
2002	2	500110	26A	937131	\N	\N	\N	\N	\N	\N	\N
2002	2	500110	26A	937729	\N	\N	\N	\N	\N	\N	\N
2002	2	500110	26A	937753	\N	\N	\N	\N	\N	\N	\N
2002	2	500110	26A	937763	\N	\N	\N	\N	\N	\N	\N
2002	2	500110	26A	937777	\N	\N	\N	\N	\N	\N	\N
2002	2	500110	26A	937765	\N	\N	\N	\N	\N	\N	\N
2002	2	500110	26A	937761	\N	\N	\N	\N	\N	\N	\N
2002	2	500110	26A	937747	\N	\N	\N	\N	\N	\N	\N
2002	2	500110	26A	937730	\N	\N	\N	\N	\N	\N	\N
2002	2	500110	26A	938261	\N	\N	\N	\N	\N	\N	\N
2002	2	500110	26A	938808	\N	\N	\N	\N	\N	\N	\N
2002	2	500110	26A	941377	\N	\N	\N	\N	\N	\N	\N
2002	2	500110	26A	941375	\N	\N	\N	\N	\N	\N	\N
2002	2	500110	26A	941334	\N	\N	\N	\N	\N	\N	\N
2002	2	500110	26A	941280	\N	\N	\N	\N	\N	\N	\N
2002	2	500110	26A	941682	\N	\N	\N	\N	\N	\N	\N
2002	2	500110	26A	943481	\N	\N	\N	\N	\N	\N	\N
2002	2	500110	26A	943136	\N	\N	\N	\N	\N	\N	\N
2002	2	500110	49A	997840	\N	\N	\N	\N	\N	\N	\N
2002	2	500145	52A	911124	\N	\N	\N	\N	\N	\N	\N
2002	2	500153	10E	998531	\N	\N	\N	\N	\N	\N	\N
2002	2	500153	10E	999857	\N	\N	\N	\N	\N	\N	\N
2002	2	500153	10E	911113	\N	\N	\N	\N	\N	\N	\N
2002	2	500153	10E	914013	\N	\N	\N	\N	\N	\N	\N
2002	2	500153	10E	918460	\N	\N	\N	\N	\N	\N	\N
2002	2	500234	16A	938808	\N	\N	\N	\N	\N	\N	\N
2002	2	500234	16A	941351	\N	\N	\N	\N	\N	\N	\N
2002	2	500234	16A	943165	\N	\N	\N	\N	\N	\N	\N
2002	2	500234	26A	914830	\N	\N	\N	\N	\N	\N	\N
2002	2	500234	26A	927112	\N	\N	\N	\N	\N	\N	\N
2002	2	500234	26A	929066	\N	\N	\N	\N	\N	\N	\N
2002	2	500234	26A	937744	\N	\N	\N	\N	\N	\N	\N
2002	2	500234	26A	938839	\N	\N	\N	\N	\N	\N	\N
2002	2	500234	26A	941343	\N	\N	\N	\N	\N	\N	\N
2002	2	500234	26A	941350	\N	\N	\N	\N	\N	\N	\N
2002	2	500234	26A	941392	\N	\N	\N	\N	\N	\N	\N
2002	2	500234	26A	941377	\N	\N	\N	\N	\N	\N	\N
2002	2	500234	26A	941367	\N	\N	\N	\N	\N	\N	\N
2002	2	500234	26A	941363	\N	\N	\N	\N	\N	\N	\N
2002	2	500234	26A	941356	\N	\N	\N	\N	\N	\N	\N
2002	2	500234	26A	941354	\N	\N	\N	\N	\N	\N	\N
2002	2	500234	26A	941349	\N	\N	\N	\N	\N	\N	\N
2002	2	500234	26A	941404	\N	\N	\N	\N	\N	\N	\N
2002	2	500234	26A	941401	\N	\N	\N	\N	\N	\N	\N
2002	2	500234	26A	941393	\N	\N	\N	\N	\N	\N	\N
2002	2	500234	26A	941337	\N	\N	\N	\N	\N	\N	\N
2002	2	500234	26A	941280	\N	\N	\N	\N	\N	\N	\N
2002	2	500234	26A	941332	\N	\N	\N	\N	\N	\N	\N
2002	2	500234	26A	941334	\N	\N	\N	\N	\N	\N	\N
2002	2	500234	26A	941568	\N	\N	\N	\N	\N	\N	\N
2002	2	500234	26A	941604	\N	\N	\N	\N	\N	\N	\N
2002	2	500234	26A	941682	\N	\N	\N	\N	\N	\N	\N
2002	2	500234	26A	941745	\N	\N	\N	\N	\N	\N	\N
2002	2	500234	26A	941711	\N	\N	\N	\N	\N	\N	\N
2002	2	500234	26A	942066	\N	\N	\N	\N	\N	\N	\N
2002	2	500234	26A	942217	\N	\N	\N	\N	\N	\N	\N
2002	2	500234	26A	942752	\N	\N	\N	\N	\N	\N	\N
2002	2	500234	26A	943045	\N	\N	\N	\N	\N	\N	\N
2002	2	500234	26A	943481	\N	\N	\N	\N	\N	\N	\N
2002	2	500234	26A	943136	\N	\N	\N	\N	\N	\N	\N
2002	2	500234	26A	943153	\N	\N	\N	\N	\N	\N	\N
2002	2	500234	26A	943634	\N	\N	\N	\N	\N	\N	\N
2002	2	500234	26A	943765	\N	\N	\N	\N	\N	\N	\N
2002	2	500242	52A	927112	\N	\N	\N	\N	\N	\N	\N
2002	2	500242	52A	941332	\N	\N	\N	\N	\N	\N	\N
2002	2	500242	52A	941392	\N	\N	\N	\N	\N	\N	\N
2002	2	500242	52A	943634	\N	\N	\N	\N	\N	\N	\N
2002	2	500315	26A	917605	\N	\N	\N	\N	\N	\N	\N
2002	2	500315	26A	922143	\N	\N	\N	\N	\N	\N	\N
2002	2	500315	26A	922623	\N	\N	\N	\N	\N	\N	\N
2002	2	500315	26A	923414	\N	\N	\N	\N	\N	\N	\N
2002	2	500315	26A	926541	\N	\N	\N	\N	\N	\N	\N
2002	2	500315	26A	927407	\N	\N	\N	\N	\N	\N	\N
2002	2	500315	26A	931691	\N	\N	\N	\N	\N	\N	\N
2002	2	500315	26A	931934	\N	\N	\N	\N	\N	\N	\N
2002	2	500315	26A	932079	\N	\N	\N	\N	\N	\N	\N
2002	2	500315	26A	932261	\N	\N	\N	\N	\N	\N	\N
2002	2	500315	26A	933501	\N	\N	\N	\N	\N	\N	\N
2002	2	500315	26A	933949	\N	\N	\N	\N	\N	\N	\N
2002	2	500315	26A	937744	\N	\N	\N	\N	\N	\N	\N
2002	2	500617	26A	922253	\N	\N	\N	\N	\N	\N	\N
2002	2	500617	26A	922507	\N	\N	\N	\N	\N	\N	\N
2002	2	500617	26A	924010	\N	\N	\N	\N	\N	\N	\N
2002	2	500617	26A	926465	\N	\N	\N	\N	\N	\N	\N
2002	2	500617	26A	926549	\N	\N	\N	\N	\N	\N	\N
2002	2	500617	26A	926894	\N	\N	\N	\N	\N	\N	\N
2002	2	500617	26A	926963	\N	\N	\N	\N	\N	\N	\N
2002	2	500617	26A	929066	\N	\N	\N	\N	\N	\N	\N
2002	2	500617	26A	931889	\N	\N	\N	\N	\N	\N	\N
2002	2	500617	26A	932100	\N	\N	\N	\N	\N	\N	\N
2002	2	500617	26A	932291	\N	\N	\N	\N	\N	\N	\N
2002	2	500617	26A	933670	\N	\N	\N	\N	\N	\N	\N
2002	2	500625	26A	922166	\N	\N	\N	\N	\N	\N	\N
2002	2	500625	26A	922182	\N	\N	\N	\N	\N	\N	\N
2002	2	500625	26A	922617	\N	\N	\N	\N	\N	\N	\N
2002	2	500625	26A	937758	\N	\N	\N	\N	\N	\N	\N
2002	2	500633	10A	994583	\N	\N	\N	\N	\N	\N	\N
2002	2	500633	10A	995674	\N	\N	\N	\N	\N	\N	\N
2002	2	500633	10A	996888	\N	\N	\N	\N	\N	\N	\N
2002	2	500633	10A	996900	\N	\N	\N	\N	\N	\N	\N
2002	2	500633	10A	999831	\N	\N	\N	\N	\N	\N	\N
2002	2	500633	10A	911135	\N	\N	\N	\N	\N	\N	\N
2002	2	500633	10A	912548	\N	\N	\N	\N	\N	\N	\N
2002	2	500633	10A	912590	\N	\N	\N	\N	\N	\N	\N
2002	2	500633	10A	912599	\N	\N	\N	\N	\N	\N	\N
2002	2	500633	10A	913977	\N	\N	\N	\N	\N	\N	\N
2002	2	500633	10A	913996	\N	\N	\N	\N	\N	\N	\N
2002	2	500633	10A	915558	\N	\N	\N	\N	\N	\N	\N
2002	2	500633	10A	915571	\N	\N	\N	\N	\N	\N	\N
2002	2	500633	10A	917070	\N	\N	\N	\N	\N	\N	\N
2002	2	500633	10A	917072	\N	\N	\N	\N	\N	\N	\N
2002	2	500633	10A	917077	\N	\N	\N	\N	\N	\N	\N
2002	2	500633	10A	917078	\N	\N	\N	\N	\N	\N	\N
2002	2	500633	10A	918419	\N	\N	\N	\N	\N	\N	\N
2002	2	500633	10A	918447	\N	\N	\N	\N	\N	\N	\N
2002	2	500641	52A	913489	\N	\N	\N	\N	\N	\N	\N
2002	2	500641	52A	922166	\N	\N	\N	\N	\N	\N	\N
2002	2	500641	52A	922182	\N	\N	\N	\N	\N	\N	\N
2002	2	500641	52A	922617	\N	\N	\N	\N	\N	\N	\N
2002	2	500730	10A	997809	\N	\N	\N	\N	\N	\N	\N
2002	2	500730	10A	998525	\N	\N	\N	\N	\N	\N	\N
2002	2	500730	10A	914000	\N	\N	\N	\N	\N	\N	\N
2002	2	500730	10A	917043	\N	\N	\N	\N	\N	\N	\N
2002	2	500730	10A	917077	\N	\N	\N	\N	\N	\N	\N
2002	2	500730	10A	917070	\N	\N	\N	\N	\N	\N	\N
2002	2	500730	10A	917051	\N	\N	\N	\N	\N	\N	\N
2002	2	500730	10A	917605	\N	\N	\N	\N	\N	\N	\N
2002	2	500730	10A	918423	\N	\N	\N	\N	\N	\N	\N
2002	2	500730	10A	923414	\N	\N	\N	\N	\N	\N	\N
2002	2	500730	10A	924010	\N	\N	\N	\N	\N	\N	\N
2002	2	500730	10A	929254	\N	\N	\N	\N	\N	\N	\N
2002	2	500730	10A	931889	\N	\N	\N	\N	\N	\N	\N
2002	2	500730	10A	932100	\N	\N	\N	\N	\N	\N	\N
2002	2	500730	10A	932291	\N	\N	\N	\N	\N	\N	\N
2002	2	500730	10A	933670	\N	\N	\N	\N	\N	\N	\N
2002	2	500730	26A	995653	\N	\N	\N	\N	\N	\N	\N
2002	2	500730	26A	996900	\N	\N	\N	\N	\N	\N	\N
2002	2	500730	26A	917076	\N	\N	\N	\N	\N	\N	\N
2002	2	500730	26A	917075	\N	\N	\N	\N	\N	\N	\N
2002	2	500730	26A	917046	\N	\N	\N	\N	\N	\N	\N
2002	2	500730	26A	919034	\N	\N	\N	\N	\N	\N	\N
2002	2	500730	26A	922158	\N	\N	\N	\N	\N	\N	\N
2002	2	500730	26A	922507	\N	\N	\N	\N	\N	\N	\N
2002	2	500730	26A	933724	\N	\N	\N	\N	\N	\N	\N
2002	2	500730	26A	943579	\N	\N	\N	\N	\N	\N	\N
2002	2	500757	10A	995674	\N	\N	\N	\N	\N	\N	\N
2002	2	500757	10A	996900	\N	\N	\N	\N	\N	\N	\N
2002	2	500757	10A	999831	\N	\N	\N	\N	\N	\N	\N
2002	2	500757	10A	999857	\N	\N	\N	\N	\N	\N	\N
2002	2	500757	10A	911135	\N	\N	\N	\N	\N	\N	\N
2002	2	500757	10A	912548	\N	\N	\N	\N	\N	\N	\N
2002	2	500757	10A	912599	\N	\N	\N	\N	\N	\N	\N
2002	2	500757	10A	912590	\N	\N	\N	\N	\N	\N	\N
2002	2	500757	10A	913961	\N	\N	\N	\N	\N	\N	\N
2002	2	500757	10A	913996	\N	\N	\N	\N	\N	\N	\N
2002	2	500757	10A	913977	\N	\N	\N	\N	\N	\N	\N
2002	2	500757	10A	914003	\N	\N	\N	\N	\N	\N	\N
2002	2	500757	10A	915571	\N	\N	\N	\N	\N	\N	\N
2002	2	500757	10A	917046	\N	\N	\N	\N	\N	\N	\N
2002	2	500757	10A	917072	\N	\N	\N	\N	\N	\N	\N
2002	2	500757	10A	917076	\N	\N	\N	\N	\N	\N	\N
2002	2	500757	10A	917075	\N	\N	\N	\N	\N	\N	\N
2002	2	500757	10A	918419	\N	\N	\N	\N	\N	\N	\N
2002	2	500757	10A	918421	\N	\N	\N	\N	\N	\N	\N
2002	2	500757	10A	918431	\N	\N	\N	\N	\N	\N	\N
2002	2	500757	10A	918447	\N	\N	\N	\N	\N	\N	\N
2002	2	500757	10A	918435	\N	\N	\N	\N	\N	\N	\N
2002	2	500838	10E	999836	\N	\N	\N	\N	\N	\N	\N
2002	2	500838	10E	917074	\N	\N	\N	\N	\N	\N	\N
2002	2	500846	10E	996888	\N	\N	\N	\N	\N	\N	\N
2002	2	500846	10E	913998	\N	\N	\N	\N	\N	\N	\N
2002	2	500846	10E	915550	\N	\N	\N	\N	\N	\N	\N
2002	2	500846	10E	917078	\N	\N	\N	\N	\N	\N	\N
2002	2	500846	10E	918442	\N	\N	\N	\N	\N	\N	\N
2002	2	500846	10E	918454	\N	\N	\N	\N	\N	\N	\N
2002	2	500854	10E	995674	\N	\N	\N	\N	\N	\N	\N
2002	2	500854	10E	912548	\N	\N	\N	\N	\N	\N	\N
2002	2	500854	10E	912599	\N	\N	\N	\N	\N	\N	\N
2002	2	500854	10E	912590	\N	\N	\N	\N	\N	\N	\N
2002	2	500854	10E	914000	\N	\N	\N	\N	\N	\N	\N
2002	2	500854	10E	913996	\N	\N	\N	\N	\N	\N	\N
2002	2	500854	10E	913977	\N	\N	\N	\N	\N	\N	\N
2002	2	500854	10E	914013	\N	\N	\N	\N	\N	\N	\N
2002	2	500854	10E	917070	\N	\N	\N	\N	\N	\N	\N
2002	2	500854	10E	917072	\N	\N	\N	\N	\N	\N	\N
2002	2	500854	10E	917077	\N	\N	\N	\N	\N	\N	\N
2002	2	500854	10E	918431	\N	\N	\N	\N	\N	\N	\N
2002	2	500854	10E	918439	\N	\N	\N	\N	\N	\N	\N
2002	2	500854	10E	918447	\N	\N	\N	\N	\N	\N	\N
2002	2	500854	26E	994583	\N	\N	\N	\N	\N	\N	\N
2002	2	500854	26E	996886	\N	\N	\N	\N	\N	\N	\N
2002	2	500854	26E	996888	\N	\N	\N	\N	\N	\N	\N
2002	2	500854	26E	913998	\N	\N	\N	\N	\N	\N	\N
2002	2	500854	26E	915550	\N	\N	\N	\N	\N	\N	\N
2002	2	500854	26E	918434	\N	\N	\N	\N	\N	\N	\N
2002	2	500854	26E	918442	\N	\N	\N	\N	\N	\N	\N
2002	2	500854	26E	918454	\N	\N	\N	\N	\N	\N	\N
2002	2	500889	26A	999831	\N	\N	\N	\N	\N	\N	\N
2002	2	500889	26A	911094	\N	\N	\N	\N	\N	\N	\N
2002	2	500889	26A	911124	\N	\N	\N	\N	\N	\N	\N
2002	2	500889	26A	911135	\N	\N	\N	\N	\N	\N	\N
2002	2	500889	26A	913961	\N	\N	\N	\N	\N	\N	\N
2002	2	500889	26A	915558	\N	\N	\N	\N	\N	\N	\N
2002	2	500889	26A	915571	\N	\N	\N	\N	\N	\N	\N
2002	2	500889	26A	917046	\N	\N	\N	\N	\N	\N	\N
2002	2	500889	26A	917075	\N	\N	\N	\N	\N	\N	\N
2002	2	500889	26A	917076	\N	\N	\N	\N	\N	\N	\N
2002	2	500889	26A	918419	\N	\N	\N	\N	\N	\N	\N
2002	2	501001	10A	996900	\N	\N	\N	\N	\N	\N	\N
2002	2	501001	10A	915547	\N	\N	\N	\N	\N	\N	\N
2002	2	501001	10A	915558	\N	\N	\N	\N	\N	\N	\N
2002	2	501001	10A	917046	\N	\N	\N	\N	\N	\N	\N
2002	2	501001	10A	918434	\N	\N	\N	\N	\N	\N	\N
2002	2	501001	26A	994583	\N	\N	\N	\N	\N	\N	\N
2002	2	501001	26A	917072	\N	\N	\N	\N	\N	\N	\N
2002	2	501010	10A	996886	\N	\N	\N	\N	\N	\N	\N
2002	2	501010	10A	999857	\N	\N	\N	\N	\N	\N	\N
2002	2	501010	10A	912579	\N	\N	\N	\N	\N	\N	\N
2002	2	501010	10A	915550	\N	\N	\N	\N	\N	\N	\N
2002	2	501010	10A	918425	\N	\N	\N	\N	\N	\N	\N
2002	2	501010	10A	918470	\N	\N	\N	\N	\N	\N	\N
2002	2	501010	10A	918454	\N	\N	\N	\N	\N	\N	\N
2002	2	501010	10B	995653	\N	\N	\N	\N	\N	\N	\N
2002	2	501010	10B	911124	\N	\N	\N	\N	\N	\N	\N
2002	2	501010	10B	913961	\N	\N	\N	\N	\N	\N	\N
2002	2	501010	10B	914000	\N	\N	\N	\N	\N	\N	\N
2002	2	501010	10B	914013	\N	\N	\N	\N	\N	\N	\N
2002	2	501010	10B	917075	\N	\N	\N	\N	\N	\N	\N
2002	2	501010	10B	917076	\N	\N	\N	\N	\N	\N	\N
2002	2	501010	10B	918431	\N	\N	\N	\N	\N	\N	\N
2002	2	501036	10A	996886	\N	\N	\N	\N	\N	\N	\N
2002	2	501036	10A	996900	\N	\N	\N	\N	\N	\N	\N
2002	2	501036	10A	912598	\N	\N	\N	\N	\N	\N	\N
2002	2	501036	10A	915571	\N	\N	\N	\N	\N	\N	\N
2002	2	501060	10A	997809	\N	\N	\N	\N	\N	\N	\N
2002	2	501060	10A	998540	\N	\N	\N	\N	\N	\N	\N
2002	2	501060	10A	911094	\N	\N	\N	\N	\N	\N	\N
2002	2	501060	10A	911124	\N	\N	\N	\N	\N	\N	\N
2002	2	501060	10A	912579	\N	\N	\N	\N	\N	\N	\N
2002	2	501060	10A	913961	\N	\N	\N	\N	\N	\N	\N
2002	2	501060	10A	915547	\N	\N	\N	\N	\N	\N	\N
2002	2	501060	10A	917046	\N	\N	\N	\N	\N	\N	\N
2002	2	501060	10A	917076	\N	\N	\N	\N	\N	\N	\N
2002	2	501060	10A	917075	\N	\N	\N	\N	\N	\N	\N
2002	2	501060	10A	917048	\N	\N	\N	\N	\N	\N	\N
2002	2	501060	10A	918425	\N	\N	\N	\N	\N	\N	\N
2002	2	501060	10A	918421	\N	\N	\N	\N	\N	\N	\N
2002	2	501060	10A	918470	\N	\N	\N	\N	\N	\N	\N
2002	2	501060	26A	911135	\N	\N	\N	\N	\N	\N	\N
2002	2	501060	26A	915558	\N	\N	\N	\N	\N	\N	\N
2002	2	501060	26A	915571	\N	\N	\N	\N	\N	\N	\N
2002	2	501060	26A	917078	\N	\N	\N	\N	\N	\N	\N
2002	2	501060	26A	918419	\N	\N	\N	\N	\N	\N	\N
2002	2	501060	26A	922507	\N	\N	\N	\N	\N	\N	\N
2002	2	501176	26A	922253	\N	\N	\N	\N	\N	\N	\N
2002	2	501176	26A	922507	\N	\N	\N	\N	\N	\N	\N
2002	2	501176	26A	926465	\N	\N	\N	\N	\N	\N	\N
2002	2	501176	26A	926541	\N	\N	\N	\N	\N	\N	\N
2002	2	501176	26A	926963	\N	\N	\N	\N	\N	\N	\N
2002	2	501176	26A	926894	\N	\N	\N	\N	\N	\N	\N
2002	2	501176	26A	926549	\N	\N	\N	\N	\N	\N	\N
2002	2	501176	26A	931688	\N	\N	\N	\N	\N	\N	\N
2002	2	501176	26A	933721	\N	\N	\N	\N	\N	\N	\N
2002	2	501176	26A	933724	\N	\N	\N	\N	\N	\N	\N
2002	2	501176	26A	943579	\N	\N	\N	\N	\N	\N	\N
2002	2	501184	26A	922149	\N	\N	\N	\N	\N	\N	\N
2002	2	501184	26A	922166	\N	\N	\N	\N	\N	\N	\N
2002	2	501184	26A	922182	\N	\N	\N	\N	\N	\N	\N
2002	2	501184	26A	922617	\N	\N	\N	\N	\N	\N	\N
2002	2	501184	26A	922623	\N	\N	\N	\N	\N	\N	\N
2002	2	501184	26A	933501	\N	\N	\N	\N	\N	\N	\N
2002	2	501184	26A	937758	\N	\N	\N	\N	\N	\N	\N
2002	2	501184	26A	942752	\N	\N	\N	\N	\N	\N	\N
2002	2	501249	26A	931934	\N	\N	\N	\N	\N	\N	\N
2002	2	501249	26A	932261	\N	\N	\N	\N	\N	\N	\N
2002	2	501249	26A	932380	\N	\N	\N	\N	\N	\N	\N
2002	2	501249	26A	937730	\N	\N	\N	\N	\N	\N	\N
2002	2	501249	26A	937761	\N	\N	\N	\N	\N	\N	\N
2002	2	501249	26A	937753	\N	\N	\N	\N	\N	\N	\N
2002	2	501249	26A	937747	\N	\N	\N	\N	\N	\N	\N
2002	2	501249	26A	937763	\N	\N	\N	\N	\N	\N	\N
2002	2	501249	26A	937777	\N	\N	\N	\N	\N	\N	\N
2002	2	501249	26A	937765	\N	\N	\N	\N	\N	\N	\N
2002	2	501249	26A	938261	\N	\N	\N	\N	\N	\N	\N
2002	2	501796	52A	917605	\N	\N	\N	\N	\N	\N	\N
2002	2	501796	52A	939147	\N	\N	\N	\N	\N	\N	\N
2002	2	501796	52A	941745	\N	\N	\N	\N	\N	\N	\N
2002	2	501796	52A	945099	\N	\N	\N	\N	\N	\N	\N
2002	2	501796	52B	926762	\N	\N	\N	\N	\N	\N	\N
2002	2	501796	52B	941406	\N	\N	\N	\N	\N	\N	\N
2002	2	501800	26A	914830	\N	\N	\N	\N	\N	\N	\N
2002	2	501800	26A	917605	\N	\N	\N	\N	\N	\N	\N
2002	2	501800	26A	933616	\N	\N	\N	\N	\N	\N	\N
2002	2	501800	26A	938808	\N	\N	\N	\N	\N	\N	\N
2002	2	501800	26A	939147	\N	\N	\N	\N	\N	\N	\N
2002	2	501800	26A	941375	\N	\N	\N	\N	\N	\N	\N
2002	2	501800	26A	943136	\N	\N	\N	\N	\N	\N	\N
2002	2	501800	26A	943481	\N	\N	\N	\N	\N	\N	\N
2002	2	501800	52B	919034	\N	\N	\N	\N	\N	\N	\N
2002	2	501800	52B	926762	\N	\N	\N	\N	\N	\N	\N
2002	2	501800	52B	927112	\N	\N	\N	\N	\N	\N	\N
2002	2	501800	52B	941332	\N	\N	\N	\N	\N	\N	\N
2002	2	501800	52B	941406	\N	\N	\N	\N	\N	\N	\N
2002	2	501800	52B	941404	\N	\N	\N	\N	\N	\N	\N
2002	2	501800	52B	943153	\N	\N	\N	\N	\N	\N	\N
2002	2	501800	52B	943579	\N	\N	\N	\N	\N	\N	\N
2002	2	501800	52B	943634	\N	\N	\N	\N	\N	\N	\N
2002	2	501826	26A	933721	\N	\N	\N	\N	\N	\N	\N
2002	2	501826	26A	933724	\N	\N	\N	\N	\N	\N	\N
2002	2	501826	26A	933949	\N	\N	\N	\N	\N	\N	\N
2002	2	501826	26A	937744	\N	\N	\N	\N	\N	\N	\N
2002	2	501826	26A	938839	\N	\N	\N	\N	\N	\N	\N
2002	2	501826	26A	941280	\N	\N	\N	\N	\N	\N	\N
2002	2	501826	26A	941363	\N	\N	\N	\N	\N	\N	\N
2002	2	501826	26A	941401	\N	\N	\N	\N	\N	\N	\N
2002	2	501826	26A	941393	\N	\N	\N	\N	\N	\N	\N
2002	2	501826	26A	941392	\N	\N	\N	\N	\N	\N	\N
2002	2	501826	26A	941377	\N	\N	\N	\N	\N	\N	\N
2002	2	501826	26A	941367	\N	\N	\N	\N	\N	\N	\N
2002	2	501826	26A	941356	\N	\N	\N	\N	\N	\N	\N
2002	2	501826	26A	941354	\N	\N	\N	\N	\N	\N	\N
2002	2	501826	26A	941350	\N	\N	\N	\N	\N	\N	\N
2002	2	501826	26A	941334	\N	\N	\N	\N	\N	\N	\N
2002	2	501826	26A	941343	\N	\N	\N	\N	\N	\N	\N
2002	2	501826	26A	941349	\N	\N	\N	\N	\N	\N	\N
2002	2	501826	26A	941337	\N	\N	\N	\N	\N	\N	\N
2002	2	501826	26A	941568	\N	\N	\N	\N	\N	\N	\N
2002	2	501826	26A	941604	\N	\N	\N	\N	\N	\N	\N
2002	2	501826	26A	941682	\N	\N	\N	\N	\N	\N	\N
2002	2	501826	26A	941711	\N	\N	\N	\N	\N	\N	\N
2002	2	501826	26A	942066	\N	\N	\N	\N	\N	\N	\N
2002	2	501826	26A	942217	\N	\N	\N	\N	\N	\N	\N
2002	2	501826	26A	942752	\N	\N	\N	\N	\N	\N	\N
2002	2	501826	26A	943045	\N	\N	\N	\N	\N	\N	\N
2002	2	501826	26A	943765	\N	\N	\N	\N	\N	\N	\N
2002	2	501826	26A	945099	\N	\N	\N	\N	\N	\N	\N
2002	2	501826	52A	999428	\N	\N	\N	\N	\N	\N	\N
2002	2	501826	52A	941351	\N	\N	\N	\N	\N	\N	\N
2002	2	501826	52B	922158	\N	\N	\N	\N	\N	\N	\N
2002	2	501826	52B	922623	\N	\N	\N	\N	\N	\N	\N
2002	2	501826	52B	937765	\N	\N	\N	\N	\N	\N	\N
2002	2	501826	52B	943165	\N	\N	\N	\N	\N	\N	\N
2002	2	501834	26A	999428	\N	\N	\N	\N	\N	\N	\N
2002	2	501834	26A	913489	\N	\N	\N	\N	\N	\N	\N
2002	2	501834	26A	919034	\N	\N	\N	\N	\N	\N	\N
2002	2	501834	26A	922253	\N	\N	\N	\N	\N	\N	\N
2002	2	501834	26A	926762	\N	\N	\N	\N	\N	\N	\N
2002	2	501834	26A	938839	\N	\N	\N	\N	\N	\N	\N
2002	2	501834	26A	941406	\N	\N	\N	\N	\N	\N	\N
2002	2	501834	26A	941404	\N	\N	\N	\N	\N	\N	\N
2002	2	501834	26A	941401	\N	\N	\N	\N	\N	\N	\N
2002	2	501834	26A	941393	\N	\N	\N	\N	\N	\N	\N
2002	2	501834	26A	941392	\N	\N	\N	\N	\N	\N	\N
2002	2	501834	26A	941377	\N	\N	\N	\N	\N	\N	\N
2002	2	501834	26A	941367	\N	\N	\N	\N	\N	\N	\N
2002	2	501834	26A	941363	\N	\N	\N	\N	\N	\N	\N
2002	2	501834	26A	941356	\N	\N	\N	\N	\N	\N	\N
2002	2	501834	26A	941354	\N	\N	\N	\N	\N	\N	\N
2002	2	501834	26A	941350	\N	\N	\N	\N	\N	\N	\N
2002	2	501834	26A	941349	\N	\N	\N	\N	\N	\N	\N
2002	2	501834	26A	941343	\N	\N	\N	\N	\N	\N	\N
2002	2	501834	26A	941337	\N	\N	\N	\N	\N	\N	\N
2002	2	501834	26A	941280	\N	\N	\N	\N	\N	\N	\N
2002	2	501834	26A	941332	\N	\N	\N	\N	\N	\N	\N
2002	2	501834	26A	941334	\N	\N	\N	\N	\N	\N	\N
2002	2	501834	26A	941568	\N	\N	\N	\N	\N	\N	\N
2002	2	501834	26A	941745	\N	\N	\N	\N	\N	\N	\N
2002	2	501834	26A	941711	\N	\N	\N	\N	\N	\N	\N
2002	2	501834	26A	941604	\N	\N	\N	\N	\N	\N	\N
2002	2	501834	26A	941682	\N	\N	\N	\N	\N	\N	\N
2002	2	501834	26A	942217	\N	\N	\N	\N	\N	\N	\N
2002	2	501834	26A	942752	\N	\N	\N	\N	\N	\N	\N
2002	2	501834	26A	943045	\N	\N	\N	\N	\N	\N	\N
2002	2	501834	26A	943153	\N	\N	\N	\N	\N	\N	\N
2002	2	501834	26A	943579	\N	\N	\N	\N	\N	\N	\N
2002	2	501834	26A	943634	\N	\N	\N	\N	\N	\N	\N
2002	2	501834	26A	943765	\N	\N	\N	\N	\N	\N	\N
2002	2	501850	26A	922623	\N	\N	\N	\N	\N	\N	\N
2002	2	501850	26A	927112	\N	\N	\N	\N	\N	\N	\N
2002	2	501850	26A	933949	\N	\N	\N	\N	\N	\N	\N
2002	2	501850	26A	937744	\N	\N	\N	\N	\N	\N	\N
2002	2	501850	26A	941337	\N	\N	\N	\N	\N	\N	\N
2002	2	501850	26A	941343	\N	\N	\N	\N	\N	\N	\N
2002	2	501850	26A	941367	\N	\N	\N	\N	\N	\N	\N
2002	2	501850	26A	941404	\N	\N	\N	\N	\N	\N	\N
2002	2	501850	26A	941393	\N	\N	\N	\N	\N	\N	\N
2002	2	501850	26A	941363	\N	\N	\N	\N	\N	\N	\N
2002	2	501850	26A	941356	\N	\N	\N	\N	\N	\N	\N
2002	2	501850	26A	941350	\N	\N	\N	\N	\N	\N	\N
2002	2	501850	26A	941568	\N	\N	\N	\N	\N	\N	\N
2002	2	501850	26A	941711	\N	\N	\N	\N	\N	\N	\N
2002	2	501850	26A	942217	\N	\N	\N	\N	\N	\N	\N
2002	2	501850	26A	943045	\N	\N	\N	\N	\N	\N	\N
2002	2	501850	26A	943153	\N	\N	\N	\N	\N	\N	\N
2002	2	501850	26A	943165	\N	\N	\N	\N	\N	\N	\N
2002	2	501850	26A	943765	\N	\N	\N	\N	\N	\N	\N
2002	2	501869	26A	924010	\N	\N	\N	\N	\N	\N	\N
2002	2	501869	26A	929066	\N	\N	\N	\N	\N	\N	\N
2002	2	501869	26A	931889	\N	\N	\N	\N	\N	\N	\N
2002	2	501869	26A	932100	\N	\N	\N	\N	\N	\N	\N
2002	2	501869	26A	932291	\N	\N	\N	\N	\N	\N	\N
2002	2	501869	26A	933670	\N	\N	\N	\N	\N	\N	\N
2002	2	501869	26A	937131	\N	\N	\N	\N	\N	\N	\N
2002	2	501869	26A	937777	\N	\N	\N	\N	\N	\N	\N
2002	2	501869	26A	937763	\N	\N	\N	\N	\N	\N	\N
2002	2	501869	26A	937761	\N	\N	\N	\N	\N	\N	\N
2002	2	501869	26A	937753	\N	\N	\N	\N	\N	\N	\N
2002	2	501869	26A	937747	\N	\N	\N	\N	\N	\N	\N
2002	2	501869	26A	937730	\N	\N	\N	\N	\N	\N	\N
2002	2	501869	26A	938261	\N	\N	\N	\N	\N	\N	\N
2002	2	501869	52A	922507	\N	\N	\N	\N	\N	\N	\N
2002	2	501869	52A	931688	\N	\N	\N	\N	\N	\N	\N
2002	2	501869	52A	937729	\N	\N	\N	\N	\N	\N	\N
2002	2	501877	26A	922143	\N	\N	\N	\N	\N	\N	\N
2002	2	501877	26A	922617	\N	\N	\N	\N	\N	\N	\N
2002	2	501877	26A	923414	\N	\N	\N	\N	\N	\N	\N
2002	2	501877	26A	937131	\N	\N	\N	\N	\N	\N	\N
2002	2	501877	26A	937729	\N	\N	\N	\N	\N	\N	\N
2002	2	501877	26A	937765	\N	\N	\N	\N	\N	\N	\N
2002	2	501877	26A	937777	\N	\N	\N	\N	\N	\N	\N
2002	2	501877	26A	937763	\N	\N	\N	\N	\N	\N	\N
2002	2	501877	26A	937761	\N	\N	\N	\N	\N	\N	\N
2002	2	501877	26A	937758	\N	\N	\N	\N	\N	\N	\N
2002	2	501877	26A	937747	\N	\N	\N	\N	\N	\N	\N
2002	2	501877	26A	937730	\N	\N	\N	\N	\N	\N	\N
2002	2	501877	26A	938261	\N	\N	\N	\N	\N	\N	\N
2002	2	501893	26A	922158	\N	\N	\N	\N	\N	\N	\N
2002	2	501893	26A	937729	\N	\N	\N	\N	\N	\N	\N
2002	2	501893	26A	937730	\N	\N	\N	\N	\N	\N	\N
2002	2	501893	26A	937753	\N	\N	\N	\N	\N	\N	\N
2002	2	501893	26A	937765	\N	\N	\N	\N	\N	\N	\N
2002	2	501893	26A	937777	\N	\N	\N	\N	\N	\N	\N
2002	2	501893	26A	937763	\N	\N	\N	\N	\N	\N	\N
2002	2	501893	26A	937761	\N	\N	\N	\N	\N	\N	\N
2002	2	501893	26A	937747	\N	\N	\N	\N	\N	\N	\N
2002	2	501893	26A	938261	\N	\N	\N	\N	\N	\N	\N
2002	2	501893	26A	943165	\N	\N	\N	\N	\N	\N	\N
2002	2	501893	52A	923414	\N	\N	\N	\N	\N	\N	\N
2002	2	501893	52A	932380	\N	\N	\N	\N	\N	\N	\N
2002	2	501893	52A	933616	\N	\N	\N	\N	\N	\N	\N
2002	2	501893	52A	933721	\N	\N	\N	\N	\N	\N	\N
2002	2	501893	52A	938808	\N	\N	\N	\N	\N	\N	\N
2002	2	501907	26A	926541	\N	\N	\N	\N	\N	\N	\N
2002	2	501907	26A	927407	\N	\N	\N	\N	\N	\N	\N
2002	2	501907	26A	931691	\N	\N	\N	\N	\N	\N	\N
2002	2	501907	26A	932079	\N	\N	\N	\N	\N	\N	\N
2002	2	501907	26A	933501	\N	\N	\N	\N	\N	\N	\N
2002	2	501907	52A	922149	\N	\N	\N	\N	\N	\N	\N
2002	2	501907	52A	922155	\N	\N	\N	\N	\N	\N	\N
2002	2	501907	52A	922212	\N	\N	\N	\N	\N	\N	\N
2002	2	501907	52A	931934	\N	\N	\N	\N	\N	\N	\N
2002	2	501907	52A	932261	\N	\N	\N	\N	\N	\N	\N
2002	2	501907	52A	932380	\N	\N	\N	\N	\N	\N	\N
2002	2	501915	26A	922212	\N	\N	\N	\N	\N	\N	\N
2002	2	501915	26A	926541	\N	\N	\N	\N	\N	\N	\N
2002	2	501915	26A	927407	\N	\N	\N	\N	\N	\N	\N
2002	2	501915	26A	931691	\N	\N	\N	\N	\N	\N	\N
2002	2	501915	26A	931934	\N	\N	\N	\N	\N	\N	\N
2002	2	501915	26A	932079	\N	\N	\N	\N	\N	\N	\N
2002	2	501915	26A	932380	\N	\N	\N	\N	\N	\N	\N
2002	2	501915	26A	932261	\N	\N	\N	\N	\N	\N	\N
2002	2	501915	26A	933501	\N	\N	\N	\N	\N	\N	\N
2002	2	501915	52A	922149	\N	\N	\N	\N	\N	\N	\N
2002	2	501915	52A	922155	\N	\N	\N	\N	\N	\N	\N
2002	2	501923	26A	922212	\N	\N	\N	\N	\N	\N	\N
2002	2	501923	26A	927407	\N	\N	\N	\N	\N	\N	\N
2002	2	501923	26A	931691	\N	\N	\N	\N	\N	\N	\N
2002	2	501923	26A	931934	\N	\N	\N	\N	\N	\N	\N
2002	2	501923	26A	932079	\N	\N	\N	\N	\N	\N	\N
2002	2	501923	26A	932261	\N	\N	\N	\N	\N	\N	\N
2002	2	501923	26A	932380	\N	\N	\N	\N	\N	\N	\N
2002	2	501931	26A	999428	\N	\N	\N	\N	\N	\N	\N
2002	2	501931	26A	913489	\N	\N	\N	\N	\N	\N	\N
2002	2	501931	26A	926541	\N	\N	\N	\N	\N	\N	\N
2002	2	501931	26A	927407	\N	\N	\N	\N	\N	\N	\N
2002	2	501931	26A	931688	\N	\N	\N	\N	\N	\N	\N
2002	2	501931	26A	931691	\N	\N	\N	\N	\N	\N	\N
2002	2	501931	26A	932079	\N	\N	\N	\N	\N	\N	\N
2002	2	501940	26A	922253	\N	\N	\N	\N	\N	\N	\N
2002	2	501940	26A	926465	\N	\N	\N	\N	\N	\N	\N
2002	2	501940	26A	926549	\N	\N	\N	\N	\N	\N	\N
2002	2	501940	26A	926963	\N	\N	\N	\N	\N	\N	\N
2002	2	501940	26A	926894	\N	\N	\N	\N	\N	\N	\N
2002	2	501958	26A	924010	\N	\N	\N	\N	\N	\N	\N
2002	2	501958	26A	926465	\N	\N	\N	\N	\N	\N	\N
2002	2	501958	26A	926549	\N	\N	\N	\N	\N	\N	\N
2002	2	501958	26A	926894	\N	\N	\N	\N	\N	\N	\N
2002	2	501958	26A	926963	\N	\N	\N	\N	\N	\N	\N
2002	2	501958	26A	929066	\N	\N	\N	\N	\N	\N	\N
2002	2	501958	26A	931688	\N	\N	\N	\N	\N	\N	\N
2002	2	501958	26A	931889	\N	\N	\N	\N	\N	\N	\N
2002	2	501958	26A	932100	\N	\N	\N	\N	\N	\N	\N
2002	2	501958	26A	932291	\N	\N	\N	\N	\N	\N	\N
2002	2	501958	26A	933670	\N	\N	\N	\N	\N	\N	\N
2002	2	501966	26A	922158	\N	\N	\N	\N	\N	\N	\N
2002	2	501966	26A	922212	\N	\N	\N	\N	\N	\N	\N
2002	2	501966	26A	926465	\N	\N	\N	\N	\N	\N	\N
2002	2	501966	26A	926549	\N	\N	\N	\N	\N	\N	\N
2002	2	501966	26A	926894	\N	\N	\N	\N	\N	\N	\N
2002	2	501974	52A	999428	\N	\N	\N	\N	\N	\N	\N
2002	2	501974	52A	922143	\N	\N	\N	\N	\N	\N	\N
2002	2	501974	52A	922155	\N	\N	\N	\N	\N	\N	\N
2002	2	501974	52A	926465	\N	\N	\N	\N	\N	\N	\N
2002	2	501974	52A	926549	\N	\N	\N	\N	\N	\N	\N
2002	2	501974	52A	926894	\N	\N	\N	\N	\N	\N	\N
2002	2	501974	52A	929254	\N	\N	\N	\N	\N	\N	\N
2002	2	501974	52A	933616	\N	\N	\N	\N	\N	\N	\N
2002	2	501974	52A	933724	\N	\N	\N	\N	\N	\N	\N
2002	2	501974	52A	943136	\N	\N	\N	\N	\N	\N	\N
2002	2	501982	26A	922155	\N	\N	\N	\N	\N	\N	\N
2002	2	501982	26A	922182	\N	\N	\N	\N	\N	\N	\N
2002	2	501982	26A	922166	\N	\N	\N	\N	\N	\N	\N
2002	2	501990	26A	922149	\N	\N	\N	\N	\N	\N	\N
2002	2	501990	26A	922166	\N	\N	\N	\N	\N	\N	\N
2002	2	501990	26A	922182	\N	\N	\N	\N	\N	\N	\N
2002	2	501990	26A	922155	\N	\N	\N	\N	\N	\N	\N
2002	2	501990	26A	922617	\N	\N	\N	\N	\N	\N	\N
2002	2	501990	26A	937758	\N	\N	\N	\N	\N	\N	\N
2002	2	502008	52A	937758	\N	\N	\N	\N	\N	\N	\N
\.


--
-- Name: alunos_mat_alu_seq; Type: SEQUENCE SET; Schema: public; Owner: luiz
--

SELECT pg_catalog.setval('public.alunos_mat_alu_seq', 1, false);


--
-- Name: cursos_cod_curso_seq; Type: SEQUENCE SET; Schema: public; Owner: luiz
--

SELECT pg_catalog.setval('public.cursos_cod_curso_seq', 1, false);


--
-- Name: disciplinas_cod_disc_seq; Type: SEQUENCE SET; Schema: public; Owner: luiz
--

SELECT pg_catalog.setval('public.disciplinas_cod_disc_seq', 1, false);


--
-- Name: professores_cod_prof_seq; Type: SEQUENCE SET; Schema: public; Owner: luiz
--

SELECT pg_catalog.setval('public.professores_cod_prof_seq', 1, false);


--
-- Name: alunos alu_pk; Type: CONSTRAINT; Schema: public; Owner: luiz
--

ALTER TABLE ONLY public.alunos
    ADD CONSTRAINT alu_pk PRIMARY KEY (mat_alu);


--
-- Name: conceitos con_pk; Type: CONSTRAINT; Schema: public; Owner: luiz
--

ALTER TABLE ONLY public.conceitos
    ADD CONSTRAINT con_pk PRIMARY KEY (conceito);


--
-- Name: cursos crs_pk; Type: CONSTRAINT; Schema: public; Owner: luiz
--

ALTER TABLE ONLY public.cursos
    ADD CONSTRAINT crs_pk PRIMARY KEY (cod_curso);


--
-- Name: cursos crs_uk; Type: CONSTRAINT; Schema: public; Owner: luiz
--

ALTER TABLE ONLY public.cursos
    ADD CONSTRAINT crs_uk UNIQUE (cod_coord);


--
-- Name: curriculos cur_pk; Type: CONSTRAINT; Schema: public; Owner: luiz
--

ALTER TABLE ONLY public.curriculos
    ADD CONSTRAINT cur_pk PRIMARY KEY (cod_curso, cod_disc);


--
-- Name: disciplinas dsc_pk; Type: CONSTRAINT; Schema: public; Owner: luiz
--

ALTER TABLE ONLY public.disciplinas
    ADD CONSTRAINT dsc_pk PRIMARY KEY (cod_disc);


--
-- Name: historicos_escolares hst_pk; Type: CONSTRAINT; Schema: public; Owner: luiz
--

ALTER TABLE ONLY public.historicos_escolares
    ADD CONSTRAINT hst_pk PRIMARY KEY (ano, semestre, cod_disc, mat_alu);


--
-- Name: turmas_matriculadas mat_pk; Type: CONSTRAINT; Schema: public; Owner: luiz
--

ALTER TABLE ONLY public.turmas_matriculadas
    ADD CONSTRAINT mat_pk PRIMARY KEY (ano, semestre, cod_disc, mat_alu);


--
-- Name: pre_requisitos pre_pk; Type: CONSTRAINT; Schema: public; Owner: luiz
--

ALTER TABLE ONLY public.pre_requisitos
    ADD CONSTRAINT pre_pk PRIMARY KEY (cod_disc, cod_disc_pre);


--
-- Name: professores prf_pk; Type: CONSTRAINT; Schema: public; Owner: luiz
--

ALTER TABLE ONLY public.professores
    ADD CONSTRAINT prf_pk PRIMARY KEY (cod_prof);


--
-- Name: turmas tur_pk; Type: CONSTRAINT; Schema: public; Owner: luiz
--

ALTER TABLE ONLY public.turmas
    ADD CONSTRAINT tur_pk PRIMARY KEY (ano, semestre, cod_disc, turma);


--
-- Name: alu_nom_i; Type: INDEX; Schema: public; Owner: luiz
--

CREATE INDEX alu_nom_i ON public.alunos USING btree (nom_alu);


--
-- Name: cod_disc_equiv_i; Type: INDEX; Schema: public; Owner: luiz
--

CREATE INDEX cod_disc_equiv_i ON public.disciplinas USING btree (cod_disc_equiv);


--
-- Name: crs_nom_i; Type: INDEX; Schema: public; Owner: luiz
--

CREATE INDEX crs_nom_i ON public.cursos USING btree (nom_curso);


--
-- Name: cur_crs_i; Type: INDEX; Schema: public; Owner: luiz
--

CREATE INDEX cur_crs_i ON public.curriculos USING btree (cod_curso);


--
-- Name: cur_dsc_i; Type: INDEX; Schema: public; Owner: luiz
--

CREATE INDEX cur_dsc_i ON public.curriculos USING btree (cod_disc);


--
-- Name: dsc_nom_i; Type: INDEX; Schema: public; Owner: luiz
--

CREATE INDEX dsc_nom_i ON public.disciplinas USING btree (nom_disc);


--
-- Name: hst_alu_i; Type: INDEX; Schema: public; Owner: luiz
--

CREATE INDEX hst_alu_i ON public.historicos_escolares USING btree (mat_alu);


--
-- Name: hst_dsc_i; Type: INDEX; Schema: public; Owner: luiz
--

CREATE INDEX hst_dsc_i ON public.historicos_escolares USING btree (cod_disc);


--
-- Name: mat_alu_i; Type: INDEX; Schema: public; Owner: luiz
--

CREATE INDEX mat_alu_i ON public.turmas_matriculadas USING btree (mat_alu);


--
-- Name: mat_tur_i; Type: INDEX; Schema: public; Owner: luiz
--

CREATE INDEX mat_tur_i ON public.turmas_matriculadas USING btree (ano, semestre, cod_disc, turma);


--
-- Name: pre_dsc_i; Type: INDEX; Schema: public; Owner: luiz
--

CREATE INDEX pre_dsc_i ON public.pre_requisitos USING btree (cod_disc);


--
-- Name: pre_dsc_pre_i; Type: INDEX; Schema: public; Owner: luiz
--

CREATE INDEX pre_dsc_pre_i ON public.pre_requisitos USING btree (cod_disc_pre);


--
-- Name: prf_crs_i; Type: INDEX; Schema: public; Owner: luiz
--

CREATE INDEX prf_crs_i ON public.professores USING btree (cod_curso);


--
-- Name: prf_nom_i; Type: INDEX; Schema: public; Owner: luiz
--

CREATE INDEX prf_nom_i ON public.professores USING btree (nom_prof);


--
-- Name: tur_dsc_i; Type: INDEX; Schema: public; Owner: luiz
--

CREATE INDEX tur_dsc_i ON public.turmas USING btree (cod_disc);


--
-- Name: tur_prf_i; Type: INDEX; Schema: public; Owner: luiz
--

CREATE INDEX tur_prf_i ON public.turmas USING btree (cod_prof);


--
-- Name: alunos alu_crs_fk; Type: FK CONSTRAINT; Schema: public; Owner: luiz
--

ALTER TABLE ONLY public.alunos
    ADD CONSTRAINT alu_crs_fk FOREIGN KEY (cod_curso) REFERENCES public.cursos(cod_curso);


--
-- Name: cursos crs_prf_fk; Type: FK CONSTRAINT; Schema: public; Owner: luiz
--

ALTER TABLE ONLY public.cursos
    ADD CONSTRAINT crs_prf_fk FOREIGN KEY (cod_coord) REFERENCES public.professores(cod_prof);


--
-- Name: curriculos cur_crs_fk; Type: FK CONSTRAINT; Schema: public; Owner: luiz
--

ALTER TABLE ONLY public.curriculos
    ADD CONSTRAINT cur_crs_fk FOREIGN KEY (cod_curso) REFERENCES public.cursos(cod_curso);


--
-- Name: curriculos cur_dsc_fk; Type: FK CONSTRAINT; Schema: public; Owner: luiz
--

ALTER TABLE ONLY public.curriculos
    ADD CONSTRAINT cur_dsc_fk FOREIGN KEY (cod_disc) REFERENCES public.disciplinas(cod_disc);


--
-- Name: disciplinas dsc_equiv_fk; Type: FK CONSTRAINT; Schema: public; Owner: luiz
--

ALTER TABLE ONLY public.disciplinas
    ADD CONSTRAINT dsc_equiv_fk FOREIGN KEY (cod_disc) REFERENCES public.disciplinas(cod_disc);


--
-- Name: historicos_escolares hst_alu_fk; Type: FK CONSTRAINT; Schema: public; Owner: luiz
--

ALTER TABLE ONLY public.historicos_escolares
    ADD CONSTRAINT hst_alu_fk FOREIGN KEY (mat_alu) REFERENCES public.alunos(mat_alu);


--
-- Name: historicos_escolares hst_dsc_fk; Type: FK CONSTRAINT; Schema: public; Owner: luiz
--

ALTER TABLE ONLY public.historicos_escolares
    ADD CONSTRAINT hst_dsc_fk FOREIGN KEY (cod_disc) REFERENCES public.disciplinas(cod_disc);


--
-- Name: turmas_matriculadas mat_alu_fk; Type: FK CONSTRAINT; Schema: public; Owner: luiz
--

ALTER TABLE ONLY public.turmas_matriculadas
    ADD CONSTRAINT mat_alu_fk FOREIGN KEY (mat_alu) REFERENCES public.alunos(mat_alu);


--
-- Name: turmas_matriculadas mat_tur_fk; Type: FK CONSTRAINT; Schema: public; Owner: luiz
--

ALTER TABLE ONLY public.turmas_matriculadas
    ADD CONSTRAINT mat_tur_fk FOREIGN KEY (ano, semestre, cod_disc, turma) REFERENCES public.turmas(ano, semestre, cod_disc, turma);


--
-- Name: pre_requisitos pre_dsc_fk; Type: FK CONSTRAINT; Schema: public; Owner: luiz
--

ALTER TABLE ONLY public.pre_requisitos
    ADD CONSTRAINT pre_dsc_fk FOREIGN KEY (cod_disc) REFERENCES public.disciplinas(cod_disc);


--
-- Name: pre_requisitos pre_dsc_pre_fk; Type: FK CONSTRAINT; Schema: public; Owner: luiz
--

ALTER TABLE ONLY public.pre_requisitos
    ADD CONSTRAINT pre_dsc_pre_fk FOREIGN KEY (cod_disc_pre) REFERENCES public.disciplinas(cod_disc);


--
-- Name: professores prf_crs_fk; Type: FK CONSTRAINT; Schema: public; Owner: luiz
--

ALTER TABLE ONLY public.professores
    ADD CONSTRAINT prf_crs_fk FOREIGN KEY (cod_curso) REFERENCES public.cursos(cod_curso);


--
-- Name: turmas tur_dsc_fk; Type: FK CONSTRAINT; Schema: public; Owner: luiz
--

ALTER TABLE ONLY public.turmas
    ADD CONSTRAINT tur_dsc_fk FOREIGN KEY (cod_disc) REFERENCES public.disciplinas(cod_disc);


--
-- Name: turmas tur_prf_fk; Type: FK CONSTRAINT; Schema: public; Owner: luiz
--

ALTER TABLE ONLY public.turmas
    ADD CONSTRAINT tur_prf_fk FOREIGN KEY (cod_prof) REFERENCES public.professores(cod_prof);


--
-- PostgreSQL database dump complete
--

